-- MySQL dump 10.13  Distrib 5.1.73, for redhat-linux-gnu (x86_64)
--
-- Host: localhost    Database: cpedb
-- ------------------------------------------------------
-- Server version	5.1.73-log

/*!40101 SET @OLD_CHARACTER_SET_CLIENT=@@CHARACTER_SET_CLIENT */;
/*!40101 SET @OLD_CHARACTER_SET_RESULTS=@@CHARACTER_SET_RESULTS */;
/*!40101 SET @OLD_COLLATION_CONNECTION=@@COLLATION_CONNECTION */;
/*!40101 SET NAMES utf8 */;
/*!40103 SET @OLD_TIME_ZONE=@@TIME_ZONE */;
/*!40103 SET TIME_ZONE='+00:00' */;
/*!40014 SET @OLD_UNIQUE_CHECKS=@@UNIQUE_CHECKS, UNIQUE_CHECKS=0 */;
/*!40014 SET @OLD_FOREIGN_KEY_CHECKS=@@FOREIGN_KEY_CHECKS, FOREIGN_KEY_CHECKS=0 */;
/*!40101 SET @OLD_SQL_MODE=@@SQL_MODE, SQL_MODE='NO_AUTO_VALUE_ON_ZERO' */;
/*!40111 SET @OLD_SQL_NOTES=@@SQL_NOTES, SQL_NOTES=0 */;

--
-- Table structure for table `CONTROLTYPES`
--

DROP TABLE IF EXISTS `CONTROLTYPES`;
/*!40101 SET @saved_cs_client     = @@character_set_client */;
/*!40101 SET character_set_client = utf8 */;
CREATE TABLE `CONTROLTYPES` (
  `id` varchar(36) NOT NULL DEFAULT '',
  `name` varchar(45) DEFAULT NULL,
  PRIMARY KEY (`id`)
) ENGINE=InnoDB DEFAULT CHARSET=latin1;
/*!40101 SET character_set_client = @saved_cs_client */;

--
-- Dumping data for table `CONTROLTYPES`
--

LOCK TABLES `CONTROLTYPES` WRITE;
/*!40000 ALTER TABLE `CONTROLTYPES` DISABLE KEYS */;
INSERT INTO `CONTROLTYPES` VALUES ('1','text'),('2','textarea'),('3','select'),('4','checkbox'),('5','radio'),('6','spinner'),('7','link');
/*!40000 ALTER TABLE `CONTROLTYPES` ENABLE KEYS */;
UNLOCK TABLES;

--
-- Table structure for table `DATACENTERFIELDSMAP`
--

DROP TABLE IF EXISTS `DATACENTERFIELDSMAP`;
/*!40101 SET @saved_cs_client     = @@character_set_client */;
/*!40101 SET character_set_client = utf8 */;
CREATE TABLE `DATACENTERFIELDSMAP` (
  `dataCenterId` varchar(36) NOT NULL DEFAULT '',
  `formFieldId` int(11) NOT NULL,
  PRIMARY KEY (`dataCenterId`,`formFieldId`)
) ENGINE=InnoDB DEFAULT CHARSET=latin1;
/*!40101 SET character_set_client = @saved_cs_client */;

--
-- Dumping data for table `DATACENTERFIELDSMAP`
--

LOCK TABLES `DATACENTERFIELDSMAP` WRITE;
/*!40000 ALTER TABLE `DATACENTERFIELDSMAP` DISABLE KEYS */;
INSERT INTO `DATACENTERFIELDSMAP` VALUES ('1',5),('1',6),('1',9),('1',10),('1',11),('1',12);
/*!40000 ALTER TABLE `DATACENTERFIELDSMAP` ENABLE KEYS */;
UNLOCK TABLES;

--
-- Table structure for table `DATACENTERS`
--

DROP TABLE IF EXISTS `DATACENTERS`;
/*!40101 SET @saved_cs_client     = @@character_set_client */;
/*!40101 SET character_set_client = utf8 */;
CREATE TABLE `DATACENTERS` (
  `id` varchar(36) NOT NULL DEFAULT '',
  `name` varchar(100) NOT NULL,
  PRIMARY KEY (`id`)
) ENGINE=InnoDB DEFAULT CHARSET=latin1;
/*!40101 SET character_set_client = @saved_cs_client */;

--
-- Dumping data for table `DATACENTERS`
--

LOCK TABLES `DATACENTERS` WRITE;
/*!40000 ALTER TABLE `DATACENTERS` DISABLE KEYS */;
INSERT INTO `DATACENTERS` VALUES ('1','From Softlayer Object');
/*!40000 ALTER TABLE `DATACENTERS` ENABLE KEYS */;
UNLOCK TABLES;

--
-- Table structure for table `DATATRANSFERFIELDSMAP`
--

DROP TABLE IF EXISTS `DATATRANSFERFIELDSMAP`;
/*!40101 SET @saved_cs_client     = @@character_set_client */;
/*!40101 SET character_set_client = utf8 */;
CREATE TABLE `DATATRANSFERFIELDSMAP` (
  `dataCenterId` int(11) NOT NULL,
  `formFieldId` int(11) NOT NULL,
  `id` varchar(36) NOT NULL,
  PRIMARY KEY (`dataCenterId`,`formFieldId`)
) ENGINE=InnoDB DEFAULT CHARSET=latin1;
/*!40101 SET character_set_client = @saved_cs_client */;

--
-- Dumping data for table `DATATRANSFERFIELDSMAP`
--

LOCK TABLES `DATATRANSFERFIELDSMAP` WRITE;
/*!40000 ALTER TABLE `DATATRANSFERFIELDSMAP` DISABLE KEYS */;
INSERT INTO `DATATRANSFERFIELDSMAP` VALUES (1,5,'1'),(1,6,'2'),(1,9,'3'),(1,10,'4'),(1,131,'6'),(1,132,'7'),(1,133,'8'),(1,134,'5'),(1,135,'9'),(1,136,'10');
/*!40000 ALTER TABLE `DATATRANSFERFIELDSMAP` ENABLE KEYS */;
UNLOCK TABLES;

--
-- Table structure for table `FORMFIELDS`
--

DROP TABLE IF EXISTS `FORMFIELDS`;
/*!40101 SET @saved_cs_client     = @@character_set_client */;
/*!40101 SET character_set_client = utf8 */;
CREATE TABLE `FORMFIELDS` (
  `id` varchar(36) NOT NULL DEFAULT '',
  `stepId` int(11) DEFAULT NULL,
  `name` varchar(45) DEFAULT NULL,
  `label` varchar(45) DEFAULT NULL,
  `typeId` int(11) NOT NULL,
  `orderIndex` int(11) NOT NULL,
  `value` varchar(45) DEFAULT NULL,
  `attachedRESTEvent` varchar(45) DEFAULT NULL,
  `description` varchar(1000) DEFAULT NULL,
  `defaultValue` varchar(45) DEFAULT NULL,
  `isMandetory` tinyint(4) DEFAULT '0',
  `isEnabled` tinyint(4) DEFAULT '1',
  `isOnDemand` tinyint(4) DEFAULT '0',
  `helpDescription` varchar(500) DEFAULT NULL,
  `isHelpEnabled` tinyint(4) DEFAULT '0',
  `maximumValue` int(10) DEFAULT '0',
  `minimumValue` int(10) DEFAULT '0',
  PRIMARY KEY (`id`)
) ENGINE=InnoDB DEFAULT CHARSET=latin1;
/*!40101 SET character_set_client = @saved_cs_client */;

--
-- Dumping data for table `FORMFIELDS`
--

LOCK TABLES `FORMFIELDS` WRITE;
/*!40000 ALTER TABLE `FORMFIELDS` DISABLE KEYS */;
INSERT INTO `FORMFIELDS` VALUES ('1',1,'clusterName','Cluster Name',1,0,NULL,'checkClusterName','Enter Cluster Name',NULL,1,1,0,NULL,0,0,0),('10',3,'DATA_IN_CONTAINER','Object Store Container',3,6,'Select Data Container','getContainersInLocation','Enter HDFS Object Store Container',NULL,1,1,1,NULL,0,0,0),('100',26,'dataNode','Data Nodes',6,1,'','nodes','This cluster allows you to have from 1 up to n-1 data nodes where n is the quota for your cluster. Click on Info Icon to learn more about Data Nodes.','Select',1,1,0,'A data node runs compute services like Data Node, HBase Region Server, Task Tracker etc. Data nodes provide all of their local storage to HDFS.',1,0,0),('101',26,'masterNode','Master Node',1,0,'1',NULL,'This cluster requires 1 and only 1 master node. Click on Info Icon to learn more about Master Nodes.','1',1,1,0,'A master node runs management services like Admin Console, NameNode, Secondary NameNode, JobTracker, HCatalog, etc. If the cluster has / provides access to the Internet, the master node is provisioned with a public interface.',1,0,0),('102',26,'nodeConfiguration','Show / Hide node configuration',7,3,NULL,'nodeConfigurations','Show / Hide node configuration',NULL,1,1,0,NULL,0,0,0),('103',27,'importData','Import Data to HDFS',3,0,'No','dataCenters','Select Datacenter','No',1,1,0,NULL,0,0,0),('104',27,'DATA_IN_USERNAME','Object Store Username',1,3,NULL,NULL,'Object Store Username',NULL,1,1,1,NULL,0,0,0),('105',27,'DATA_IN_APIKEY','Object Store API Key',1,4,NULL,NULL,'Specify the API Key of the Object Store account',NULL,1,1,1,NULL,0,0,0),('106',27,'DATA_IN_LOCATION','Data Center',3,5,'Select Data Center','softLayerLocations',NULL,NULL,1,1,1,NULL,0,0,0),('107',27,'DATA_IN_CONTAINER','Object Store Container',3,6,'Select Data Container','getContainersInLocation','Enter HDFS Object Store Container',NULL,1,1,1,NULL,0,0,0),('108',27,'DATA_IN_PATH','Object Store Path',1,7,NULL,NULL,'Enter the source path for your transfer. \r\n\r\n # To transfer all content from the container, enter * \r\n # To transfer a specific object from the container, enter objectname \r\n # To transfer all objects from a folder or sub-folder within the container, enter folder/* or folder/subfolder/*, etc. \r\n # To transfer a specific object from a folder or sub-folder, enter folder/objectname or folder/subfolder/objectname, etc.',NULL,1,1,1,NULL,0,0,0),('109',27,'DATA_IN_DESTINATION','HDFS Directory',1,8,NULL,NULL,'Enter the target directory for your transfer.  A new directory will be created, and the transfer will go to this directory.  If you enter a slash (/) only, the transfer will go to the parent directory. \r\n\r\n Examples: \r\n / \r\n /directoryname \r\n /directoryname/subdirectoryname',NULL,1,1,1,NULL,0,0,0),('11',3,'DATA_IN_PATH','Object Store Path',1,7,NULL,NULL,'Enter the source path for your transfer. \r\n\r\n # To transfer all content from the container, enter * \r\n # To transfer a specific object from the container, enter objectname \r\n # To transfer all objects from a folder or sub-folder within the container, enter folder/* or folder/subfolder/*, etc. \r\n # To transfer a specific object from a folder or sub-folder, enter folder/objectname or folder/subfolder/objectname, etc.',NULL,1,1,1,NULL,0,0,0),('110',28,'USE_SDFS','Is Secure Hadoop?',4,0,'Yes','formFields/28','Select Checkbox for Secure Hadoop','No',0,1,0,NULL,0,0,0),('111',28,'SDFS_USERNAME','Swift Object Storage Username',1,1,NULL,NULL,'Enter Swift Object Storage Username',NULL,1,1,1,NULL,0,0,0),('112',28,'SDFS_APIKEY','Swift Object Storage API Key',1,2,NULL,NULL,'Enter Swift Object Storage API Key',NULL,1,1,1,NULL,0,0,0),('113',28,'SDFS_LOCATION','SDFS Data Center',3,3,'Select Data Center','softLayerLocations',NULL,NULL,1,1,1,NULL,0,0,0),('115',30,'clusterName','Cluster Name',1,0,NULL,'checkClusterName','Enter Cluster Name',NULL,1,1,0,NULL,0,0,0),('116',30,'clusterDescription','Cluster Description',2,1,NULL,NULL,'Enter Cluster Description',NULL,1,1,0,NULL,0,0,0),('117',31,'dataNode','Data Nodes',6,1,'','nodes','This cluster allows you to have from 1 up to n-1 data nodes where n is the quota for your cluster. Click on Info Icon to learn more about Data Nodes.','Select',1,1,0,'A data node runs compute services like Data Node, HBase Region Server, Task Tracker etc. Data nodes provide all of their local storage to HDFS.',1,0,0),('118',31,'masterNode','Master Node',1,0,'1',NULL,'This cluster requires 1 and only 1 master node. Click on Info Icon to learn more about Master Nodes.','1',1,1,0,'A master node runs management services like Admin Console, NameNode, Secondary NameNode, JobTracker, HCatalog, etc. If the cluster has / provides access to the Internet, the master node is provisioned with a public interface.',1,0,0),('119',31,'nodeConfiguration','Show / Hide node configuration',7,3,NULL,'nodeConfigurations','Show / Hide node configuration',NULL,1,1,0,NULL,0,0,0),('12',3,'DATA_IN_DESTINATION','HDFS Directory',1,8,NULL,NULL,'Enter the target directory for your transfer.  A new directory will be created, and the transfer will go to this directory.  If you enter a slash (/) only, the transfer will go to the parent directory. \r\n\r\n Examples: \r\n / \r\n /directoryname \r\n /directoryname/subdirectoryname',NULL,1,1,1,NULL,0,0,0),('120',32,'importData','Import Data to HDFS',3,0,'No','dataCenters','Select Datacenter','No',1,1,0,NULL,0,0,0),('121',32,'DATA_IN_USERNAME','Object Store Username',1,3,NULL,NULL,'Object Store Username',NULL,1,1,1,NULL,0,0,0),('122',32,'DATA_IN_APIKEY','Object Store API Key',1,4,NULL,NULL,'Specify the API Key of the Object Store account',NULL,1,1,1,NULL,0,0,0),('123',32,'DATA_IN_LOCATION','Data Center',3,5,'Select Data Center','softLayerLocations',NULL,NULL,1,1,1,NULL,0,0,0),('124',32,'DATA_IN_CONTAINER','Object Store Container',3,6,'Select Data Container','getContainersInLocation','Enter HDFS Object Store Container',NULL,1,1,1,NULL,0,0,0),('125',32,'DATA_IN_PATH','Object Store Path',1,7,NULL,NULL,'Enter the source path for your transfer. \r\n\r\n # To transfer all content from the container, enter * \r\n # To transfer a specific object from the container, enter objectname \r\n # To transfer all objects from a folder or sub-folder within the container, enter folder/* or folder/subfolder/*, etc. \r\n # To transfer a specific object from a folder or sub-folder, enter folder/objectname or folder/subfolder/objectname, etc.',NULL,1,1,1,NULL,0,0,0),('126',32,'DATA_IN_DESTINATION','HDFS Directory',1,8,NULL,NULL,'Enter the target directory for your transfer.  A new directory will be created, and the transfer will go to this directory.  If you enter a slash (/) only, the transfer will go to the parent directory. \r\n\r\n Examples: \r\n / \r\n /directoryname \r\n /directoryname/subdirectoryname',NULL,1,1,1,NULL,0,0,0),('127',33,'USE_SDFS','Is Secure Hadoop?',4,0,'Yes','formFields/33','Select Checkbox for Secure Hadoop','No',0,1,0,NULL,0,0,0),('128',33,'SDFS_USERNAME','Swift Object Storage Username',1,1,NULL,NULL,'Enter Swift Object Storage Username',NULL,1,1,1,NULL,0,0,0),('129',33,'SDFS_APIKEY','Swift Object Storage API Key',1,2,NULL,NULL,'Enter Swift Object Storage API Key',NULL,1,1,1,NULL,0,0,0),('13',4,'USE_SDFS','Is Secure Hadoop?',4,0,'Yes','formFields/4','Select Checkbox for Secure Hadoop','No',0,1,0,NULL,0,0,0),('130',33,'SDFS_LOCATION','SDFS Data Center',3,3,'Select Data Center','softLayerLocations',NULL,NULL,1,1,1,NULL,0,0,0),('131',47,'DATA_IN_DESTINATION','HDFS Directory',1,8,'',NULL,'Enter the target directory for your transfer.  You may enter a new directory or an existing one.  A new directory will be created with the name you enter if it doesn\'t already exist. \r\n\r\n Examples: \r\n /directoryname \r\n /directoryname/subdirectoryname',NULL,1,1,1,NULL,0,0,0),('132',47,'transferDirection','Transfer Direction',5,1,'From Softlayer Object Storage',NULL,'Select Transfer Direction ','From Softlayer Object Storage',1,1,1,NULL,0,0,0),('133',47,'transferDirection','Transfer Direction',5,2,'To Softlayer Object Storage',NULL,'Select Transfer Direction ',NULL,1,1,1,NULL,0,0,0),('134',47,'DATA_IN_PATH','Object Store Path',1,7,NULL,NULL,'Enter the source path for your transfer. \r\n\r\n # To transfer all content from the container, enter * \r\n # To transfer a specific object from the container, enter objectname \r\n # To transfer all objects from a folder or sub-folder within the container, enter folder/* or folder/subfolder/*, etc. \r\n # To transfer a specific object from a folder or sub-folder, enter folder/objectname or folder/subfolder/objectname, etc.',NULL,1,1,1,NULL,0,0,0),('135',48,'DATA_IN_DESTINATION','HDFS Path',1,8,'',NULL,'Enter the source path for your transfer.  It is not recommended to specify a wildcard at the directory level if that directory contains any subdirectories.  Instead, specify the full path. \r\n\r\n # To transfer all objects from a directory, enter /directory/* \r\n # To transfer a specific object from a directory, enter /directory/objectname \r\n # To transfer all objects from a subdirectory, enter /directory/subdirectory/* \r\n # To transfer a specific object from a subdirectory, enter /directory/subdirectory/objectname',NULL,1,1,1,NULL,0,0,0),('136',48,'DATA_IN_PATH','Object Store Path',1,7,NULL,NULL,'Enter the target path for your transfer. \r\n\r\n # To transfer directly to the container, enter / \r\n # To transfer to a new directory, enter /newDirectoryName',NULL,1,1,1,NULL,0,0,0),('14',4,'SDFS_USERNAME','Swift Object Storage Username',1,1,NULL,NULL,'Enter Swift Object Storage Username',NULL,1,1,1,NULL,0,0,0),('141',35,'clusterName','Cluster Name',1,0,NULL,'checkClusterName','Enter Cluster Name',NULL,1,1,0,NULL,0,0,0),('142',35,'clusterDescription','Cluster Description',2,1,NULL,NULL,'Enter Cluster Description',NULL,1,1,0,NULL,0,0,0),('143',36,'dataNode','Data Nodes',6,1,'','nodes','This cluster allows you to have from 1 up to n-1 data nodes where n is the quota for your cluster. Click on Info Icon to learn more about Data Nodes.','Select',1,1,0,'A data node runs compute services like Data Node, HBase Region Server, Task Tracker etc. Data nodes provide all of their local storage to HDFS.',1,0,0),('144',36,'masterNode','Master Node',1,0,'1',NULL,'This cluster requires 1 and only 1 master node. Click on Info Icon to learn more about Master Nodes.','1',1,1,0,'A master node runs management services like Admin Console, NameNode, Secondary NameNode, JobTracker, HCatalog, etc. If the cluster has / provides access to the Internet, the master node is provisioned with a public interface.',1,0,0),('145',36,'nodeConfiguration','Show / Hide node configuration',7,3,NULL,'nodeConfigurations','Show / Hide node configuration',NULL,1,1,0,NULL,0,0,0),('146',37,'importData','Import Data to HDFS',3,0,'No','dataCenters','Select Datacenter','No',1,1,0,NULL,0,0,0),('147',37,'DATA_IN_USERNAME','Object Store Username',1,3,NULL,NULL,'Object Store Username',NULL,1,1,1,NULL,0,0,0),('148',37,'DATA_IN_APIKEY','Object Store API Key',1,4,NULL,NULL,'Specify the API Key of the Object Store account',NULL,1,1,1,NULL,0,0,0),('149',37,'DATA_IN_LOCATION','Data Center',3,5,'Select Data Center','softLayerLocations',NULL,NULL,1,1,1,NULL,0,0,0),('15',4,'SDFS_APIKEY','Swift Object Storage API Key',1,2,NULL,NULL,'Enter Swift Object Storage API Key',NULL,1,1,1,NULL,0,0,0),('150',37,'DATA_IN_CONTAINER','Object Store Container',3,6,'Select Data Container','getContainersInLocation','Enter HDFS Object Store Container',NULL,1,1,1,NULL,0,0,0),('151',37,'DATA_IN_PATH','Object Store Path',1,7,NULL,NULL,'Enter the source path for your transfer. \r\n\r\n # To transfer all content from the container, enter * \r\n # To transfer a specific object from the container, enter objectname \r\n # To transfer all objects from a folder or sub-folder within the container, enter folder/* or folder/subfolder/*, etc. \r\n # To transfer a specific object from a folder or sub-folder, enter folder/objectname or folder/subfolder/objectname, etc.',NULL,1,1,1,NULL,0,0,0),('152',37,'DATA_IN_DESTINATION','HDFS Directory',1,8,NULL,NULL,'Enter the target directory for your transfer.  A new directory will be created, and the transfer will go to this directory.  If you enter a slash (/) only, the transfer will go to the parent directory. \r\n\r\n Examples: \r\n / \r\n /directoryname \r\n /directoryname/subdirectoryname',NULL,1,1,1,NULL,0,0,0),('153',38,'USE_SDFS','Is Secure Hadoop?',4,0,'Yes','formFields/38','Select Checkbox for Secure Hadoop','No',0,1,0,NULL,0,0,0),('154',38,'SDFS_USERNAME','Swift Object Storage Username',1,1,NULL,NULL,'Enter Swift Object Storage Username',NULL,1,1,1,NULL,0,0,0),('155',38,'SDFS_APIKEY','Swift Object Storage API Key',1,2,NULL,NULL,'Enter Swift Object Storage API Key',NULL,1,1,1,NULL,0,0,0),('156',38,'SDFS_LOCATION','SDFS Data Center',3,3,'Select Data Center','softLayerLocations',NULL,NULL,1,1,1,NULL,0,0,0),('16',4,'SDFS_LOCATION','SDFS Data Center',3,3,'Select Data Center','softLayerLocations',NULL,NULL,1,1,1,NULL,0,0,0),('160',41,'VPN_IP_ADDRESS','Public IP address of your on-premise gateway',8,0,NULL,NULL,'Enter VPN Gateway IP Address',NULL,1,1,1,NULL,0,0,0),('161',41,'IKE_ENCRYPTION_ALG','Key-Exchange Encryption Algorithm',5,1,'AES-256 (recommended)',NULL,'AES-256','AES-256 (recommended)',1,1,1,NULL,0,0,0),('162',41,'IKE_ENCRYPTION_ALG','Key-Exchange Encryption Algorithm',5,3,'3DES',NULL,'3DES',NULL,1,1,1,NULL,0,0,0),('163',41,'IKE_HASH_ALG','Data Integrity Hash Algorithm',5,4,'SHA-1 (recommended)',NULL,'SHA-1','SHA-1 (recommended)',1,1,1,NULL,0,0,0),('164',41,'IKE_HASH_ALG','Data Integrity Hash Algorithm',5,5,'MD5',NULL,'MD5',NULL,1,1,1,NULL,0,0,0),('165',41,'IKE_ENCRYPTION_ALG','Key-Exchange Encryption Algorithm',5,2,'AES-128',NULL,'AES-128',NULL,1,1,1,NULL,0,0,0),('166',41,'IKE_DH_GROUP','Diffe-Hellman Group for IKE SA',5,6,'2',NULL,'2',NULL,1,1,1,NULL,0,0,0),('167',41,'IKE_DH_GROUP','Diffe-Hellman Group for IKE SA',5,7,'5',NULL,'5',NULL,1,1,1,NULL,0,0,0),('168',41,'AUTHENTICATION_MODE','Authentication Method',3,8,NULL,'authenticationMethods',NULL,NULL,1,1,1,NULL,0,0,0),('169',41,'IKE_KEY_LIFETIME','Lifetime of IKE SA',6,9,NULL,NULL,NULL,'3600',1,1,1,NULL,0,99999,30),('170',41,'CUST_SUBNETS','Customer Subnets',7,22,NULL,'subnets','Enter Subnet',NULL,1,1,1,NULL,0,0,0),('171',41,'ESP_ENCRYPTION_ALG','Encryption Algorithm for ESP',5,10,'AES-256 (recommended)',NULL,'AES-256','AES-256 (recommended)',1,1,1,NULL,0,0,0),('172',41,'ESP_ENCRYPTION_ALG','Encryption Algorithm for ESP',5,11,'AES-128',NULL,'AES-128',NULL,1,1,1,NULL,0,0,0),('173',41,'ESP_ENCRYPTION_ALG','Encryption Algorithm for ESP',5,12,'3DES',NULL,'3DES',NULL,1,1,1,NULL,0,0,0),('174',41,'ESP_HASH_ALG','Hash Algorithm for ESP',5,13,'SHA-1 (recommended)',NULL,'SHA-1','SHA-1 (recommended)',1,1,1,NULL,0,0,0),('175',41,'ESP_HASH_ALG','Hash Algorithm for ESP',5,14,'MD5',NULL,'MD5',NULL,1,1,1,NULL,0,0,0),('176',41,'ESP_KEY_LIFETIME','Key Lifetime for ESP (in seconds)',6,19,NULL,NULL,'Enter Key Lifetime for ESP','3600',1,1,1,NULL,0,99999,30),('177',41,'dedicatedVPN','Specify gateway parameters for this cluster?',4,0,'Yes','formFields/41','Select if dedicated VPN required',NULL,0,1,0,NULL,0,0,0),('178',41,'PRE_SHARED_SECRET','Pre-Shared Secret',1,21,NULL,NULL,'Enter Pre-Shared Secret',NULL,1,1,1,NULL,0,0,0),('179',41,'PRE_SHARED_SECRET_CHK','Generate Pre-Shared Secret',4,20,'Yes',NULL,'Select checkbox to generate Pre-Shared Secret Key otherwise enter existing Pre-Shared Secret Key in below box',NULL,0,1,1,NULL,0,0,0),('180',42,'VPN_IP_ADDRESS','Public IP address of your on-premise gateway',8,0,NULL,NULL,'Enter VPN Gateway IP Address',NULL,1,1,1,NULL,0,0,0),('181',42,'IKE_ENCRYPTION_ALG','Key-Exchange Encryption Algorithm',5,1,'AES-256 (recommended)',NULL,'AES-256','AES-256 (recommended)',1,1,1,NULL,0,0,0),('182',42,'IKE_ENCRYPTION_ALG','Key-Exchange Encryption Algorithm',5,3,'3DES',NULL,'3DES',NULL,1,1,1,NULL,0,0,0),('183',42,'IKE_HASH_ALG','Data Integrity Hash Algorithm',5,4,'SHA-1 (recommended)',NULL,'SHA-1','SHA-1 (recommended)',1,1,1,NULL,0,0,0),('184',42,'IKE_HASH_ALG','Data Integrity Hash Algorithm',5,5,'MD5',NULL,'MD5',NULL,1,1,1,NULL,0,0,0),('185',42,'IKE_ENCRYPTION_ALG','Key-Exchange Encryption Algorithm',5,2,'AES-128',NULL,'AES-128',NULL,1,1,1,NULL,0,0,0),('186',42,'IKE_DH_GROUP','Diffe-Hellman Group for IKE SA',5,6,'2',NULL,'2',NULL,1,1,1,NULL,0,0,0),('187',42,'IKE_DH_GROUP','Diffe-Hellman Group for IKE SA',5,7,'5',NULL,'5',NULL,1,1,1,NULL,0,0,0),('188',42,'AUTHENTICATION_MODE','Authentication Method',3,8,NULL,'authenticationMethods',NULL,NULL,1,1,1,NULL,0,0,0),('189',42,'IKE_KEY_LIFETIME','Lifetime of IKE SA',6,9,NULL,NULL,NULL,'3600',1,1,1,NULL,0,99999,30),('190',42,'CUST_SUBNETS','Customer Subnets',7,22,NULL,'subnets','Enter Subnet',NULL,1,1,1,NULL,0,0,0),('191',42,'ESP_ENCRYPTION_ALG','Encryption Algorithm for ESP',5,10,'AES-256 (recommended)',NULL,'AES-256','AES-256 (recommended)',1,1,1,NULL,0,0,0),('192',42,'ESP_ENCRYPTION_ALG','Encryption Algorithm for ESP',5,11,'AES-128',NULL,'AES-128',NULL,1,1,1,NULL,0,0,0),('193',42,'ESP_ENCRYPTION_ALG','Encryption Algorithm for ESP',5,12,'3DES',NULL,'3DES',NULL,1,1,1,NULL,0,0,0),('194',42,'ESP_HASH_ALG','Hash Algorithm for ESP',5,13,'SHA-1 (recommended)',NULL,'SHA-1','SHA-1 (recommended)',1,1,1,NULL,0,0,0),('195',42,'ESP_HASH_ALG','Hash Algorithm for ESP',5,14,'MD5',NULL,'MD5',NULL,1,1,1,NULL,0,0,0),('196',42,'ESP_KEY_LIFETIME','Key Lifetime for ESP (in seconds)',6,19,NULL,NULL,'Enter Key Lifetime for ESP','3600',1,1,1,NULL,0,99999,30),('197',42,'dedicatedVPN','Specify gateway parameters for this cluster?',4,0,'Yes','formFields/42','Select if dedicated VPN required',NULL,0,1,0,NULL,0,0,0),('198',42,'PRE_SHARED_SECRET','Pre-Shared Secret',1,21,NULL,NULL,'Enter Pre-Shared Secret',NULL,1,1,1,NULL,0,0,0),('199',42,'PRE_SHARED_SECRET_CHK','Generate Pre-Shared Secret',4,20,'Yes',NULL,'Select checkbox to generate Pre-Shared Secret Key otherwise enter existing Pre-Shared Secret Key in below box',NULL,0,1,1,NULL,0,0,0),('2',1,'clusterDescription','Cluster Description',2,1,NULL,NULL,'Enter Cluster Description',NULL,1,1,0,NULL,0,0,0),('200',43,'VPN_IP_ADDRESS','Public IP address of your on-premise gateway',8,0,NULL,NULL,'Enter VPN Gateway IP Address',NULL,1,1,1,NULL,0,0,0),('201',43,'IKE_ENCRYPTION_ALG','Key-Exchange Encryption Algorithm',5,1,'AES-256 (recommended)',NULL,'AES-256','AES-256 (recommended)',1,1,1,NULL,0,0,0),('202',43,'IKE_ENCRYPTION_ALG','Key-Exchange Encryption Algorithm',5,3,'3DES',NULL,'3DES',NULL,1,1,1,NULL,0,0,0),('203',43,'IKE_HASH_ALG','Data Integrity Hash Algorithm',5,4,'SHA-1 (recommended)',NULL,'SHA-1','SHA-1 (recommended)',1,1,1,NULL,0,0,0),('204',43,'IKE_HASH_ALG','Data Integrity Hash Algorithm',5,5,'MD5',NULL,'MD5',NULL,1,1,1,NULL,0,0,0),('205',43,'IKE_ENCRYPTION_ALG','Key-Exchange Encryption Algorithm',5,2,'AES-128',NULL,'AES-128',NULL,1,1,1,NULL,0,0,0),('206',43,'IKE_DH_GROUP','Diffe-Hellman Group for IKE SA',5,6,'2',NULL,'2',NULL,1,1,1,NULL,0,0,0),('207',43,'IKE_DH_GROUP','Diffe-Hellman Group for IKE SA',5,7,'5',NULL,'5',NULL,1,1,1,NULL,0,0,0),('208',43,'AUTHENTICATION_MODE','Authentication Method',3,8,NULL,'authenticationMethods',NULL,NULL,1,1,1,NULL,0,0,0),('209',43,'IKE_KEY_LIFETIME','Lifetime of IKE SA',6,9,NULL,NULL,NULL,'3600',1,1,1,NULL,0,99999,30),('210',43,'CUST_SUBNETS','Customer Subnets',7,22,NULL,'subnets','Enter Subnet',NULL,1,1,1,NULL,0,0,0),('211',43,'ESP_ENCRYPTION_ALG','Encryption Algorithm for ESP',5,10,'AES-256 (recommended)',NULL,'AES-256','AES-256 (recommended)',1,1,1,NULL,0,0,0),('212',43,'ESP_ENCRYPTION_ALG','Encryption Algorithm for ESP',5,11,'AES-128',NULL,'AES-128',NULL,1,1,1,NULL,0,0,0),('213',43,'ESP_ENCRYPTION_ALG','Encryption Algorithm for ESP',5,12,'3DES',NULL,'3DES',NULL,1,1,1,NULL,0,0,0),('214',43,'ESP_HASH_ALG','Hash Algorithm for ESP',5,13,'SHA-1 (recommended)',NULL,'SHA-1','SHA-1 (recommended)',1,1,1,NULL,0,0,0),('215',43,'ESP_HASH_ALG','Hash Algorithm for ESP',5,14,'MD5',NULL,'MD5',NULL,1,1,1,NULL,0,0,0),('216',43,'ESP_KEY_LIFETIME','Key Lifetime for ESP (in seconds)',6,19,NULL,NULL,'Enter Key Lifetime for ESP','3600',1,1,1,NULL,0,99999,30),('217',43,'dedicatedVPN','Specify gateway parameters for this cluster?',4,0,'Yes','formFields/43','Select if dedicated VPN required',NULL,0,1,0,NULL,0,0,0),('218',43,'PRE_SHARED_SECRET','Pre-Shared Secret',1,21,NULL,NULL,'Enter Pre-Shared Secret',NULL,1,1,1,NULL,0,0,0),('219',43,'PRE_SHARED_SECRET_CHK','Generate Pre-Shared Secret',4,20,'Yes',NULL,'Select checkbox to generate Pre-Shared Secret Key otherwise enter existing Pre-Shared Secret Key in below box',NULL,0,1,1,NULL,0,0,0),('220',44,'VPN_IP_ADDRESS','Public IP address of your on-premise gateway',8,0,NULL,NULL,'Enter VPN Gateway IP Address',NULL,1,1,1,NULL,0,0,0),('221',44,'IKE_ENCRYPTION_ALG','Key-Exchange Encryption Algorithm',5,1,'AES-256 (recommended)',NULL,'AES-256','AES-256 (recommended)',1,1,1,NULL,0,0,0),('222',44,'IKE_ENCRYPTION_ALG','Key-Exchange Encryption Algorithm',5,3,'3DES',NULL,'3DES',NULL,1,1,1,NULL,0,0,0),('223',44,'IKE_HASH_ALG','Data Integrity Hash Algorithm',5,4,'SHA-1 (recommended)',NULL,'SHA-1','SHA-1 (recommended)',1,1,1,NULL,0,0,0),('224',44,'IKE_HASH_ALG','Data Integrity Hash Algorithm',5,5,'MD5',NULL,'MD5',NULL,1,1,1,NULL,0,0,0),('225',44,'IKE_ENCRYPTION_ALG','Key-Exchange Encryption Algorithm',5,2,'AES-128',NULL,'AES-128',NULL,1,1,1,NULL,0,0,0),('226',44,'IKE_DH_GROUP','Diffe-Hellman Group for IKE SA',5,6,'2',NULL,'2',NULL,1,1,1,NULL,0,0,0),('227',44,'IKE_DH_GROUP','Diffe-Hellman Group for IKE SA',5,7,'5',NULL,'5',NULL,1,1,1,NULL,0,0,0),('228',44,'AUTHENTICATION_MODE','Authentication Method',3,8,NULL,'authenticationMethods',NULL,NULL,1,1,1,NULL,0,0,0),('229',44,'IKE_KEY_LIFETIME','Lifetime of IKE SA',6,9,NULL,NULL,NULL,'3600',1,1,1,NULL,0,99999,30),('230',44,'CUST_SUBNETS','Customer Subnets',7,22,NULL,'subnets','Enter Subnet',NULL,1,1,1,NULL,0,0,0),('231',44,'ESP_ENCRYPTION_ALG','Encryption Algorithm for ESP',5,10,'AES-256 (recommended)',NULL,'AES-256','AES-256 (recommended)',1,1,1,NULL,0,0,0),('232',44,'ESP_ENCRYPTION_ALG','Encryption Algorithm for ESP',5,11,'AES-128',NULL,'AES-128',NULL,1,1,1,NULL,0,0,0),('233',44,'ESP_ENCRYPTION_ALG','Encryption Algorithm for ESP',5,12,'3DES',NULL,'3DES',NULL,1,1,1,NULL,0,0,0),('234',44,'ESP_HASH_ALG','Hash Algorithm for ESP',5,13,'SHA-1 (recommended)',NULL,'SHA-1','SHA-1 (recommended)',1,1,1,NULL,0,0,0),('235',44,'ESP_HASH_ALG','Hash Algorithm for ESP',5,14,'MD5',NULL,'MD5',NULL,1,1,1,NULL,0,0,0),('236',44,'ESP_KEY_LIFETIME','Key Lifetime for ESP (in seconds)',6,19,NULL,NULL,'Enter Key Lifetime for ESP','3600',1,1,1,NULL,0,99999,30),('237',44,'dedicatedVPN','Specify gateway parameters for this cluster?',4,0,'Yes','formFields/44','Select if dedicated VPN required',NULL,0,1,0,NULL,0,0,0),('238',44,'PRE_SHARED_SECRET','Pre-Shared Secret',1,21,NULL,NULL,'Enter Pre-Shared Secret',NULL,1,1,1,NULL,0,0,0),('239',44,'PRE_SHARED_SECRET_CHK','Generate Pre-Shared Secret',4,20,'Yes',NULL,'Select checkbox to generate Pre-Shared Secret Key otherwise enter existing Pre-Shared Secret Key in below box',NULL,0,1,1,NULL,0,0,0),('240',45,'VPN_IP_ADDRESS','Public IP address of your on-premise gateway',8,0,NULL,NULL,'Enter VPN Gateway IP Address',NULL,1,1,1,NULL,0,0,0),('241',45,'IKE_ENCRYPTION_ALG','Key-Exchange Encryption Algorithm',5,1,'AES-256 (recommended)',NULL,'AES-256','AES-256 (recommended)',1,1,1,NULL,0,0,0),('242',45,'IKE_ENCRYPTION_ALG','Key-Exchange Encryption Algorithm',5,3,'3DES',NULL,'3DES',NULL,1,1,1,NULL,0,0,0),('243',45,'IKE_HASH_ALG','Data Integrity Hash Algorithm',5,4,'SHA-1 (recommended)',NULL,'SHA-1','SHA-1 (recommended)',1,1,1,NULL,0,0,0),('244',45,'IKE_HASH_ALG','Data Integrity Hash Algorithm',5,5,'MD5',NULL,'MD5',NULL,1,1,1,NULL,0,0,0),('245',45,'IKE_ENCRYPTION_ALG','Key-Exchange Encryption Algorithm',5,2,'AES-128',NULL,'AES-128',NULL,1,1,1,NULL,0,0,0),('246',45,'IKE_DH_GROUP','Diffe-Hellman Group for IKE SA',5,6,'2',NULL,'2',NULL,1,1,1,NULL,0,0,0),('247',45,'IKE_DH_GROUP','Diffe-Hellman Group for IKE SA',5,7,'5',NULL,'5',NULL,1,1,1,NULL,0,0,0),('248',45,'AUTHENTICATION_MODE','Authentication Method',3,8,NULL,'authenticationMethods',NULL,NULL,1,1,1,NULL,0,0,0),('249',45,'IKE_KEY_LIFETIME','Lifetime of IKE SA',6,9,NULL,NULL,NULL,'3600',1,1,1,NULL,0,99999,30),('25',7,'clusterName','Cluster Name',1,0,NULL,'checkClusterName','Enter Cluster Name',NULL,1,1,0,NULL,0,0,0),('250',45,'CUST_SUBNETS','Customer Subnets',7,22,NULL,'subnets','Enter Subnet',NULL,1,1,1,NULL,0,0,0),('251',45,'ESP_ENCRYPTION_ALG','Encryption Algorithm for ESP',5,10,'AES-256 (recommended)',NULL,'AES-256','AES-256 (recommended)',1,1,1,NULL,0,0,0),('252',45,'ESP_ENCRYPTION_ALG','Encryption Algorithm for ESP',5,11,'AES-128',NULL,'AES-128',NULL,1,1,1,NULL,0,0,0),('253',45,'ESP_ENCRYPTION_ALG','Encryption Algorithm for ESP',5,12,'3DES',NULL,'3DES',NULL,1,1,1,NULL,0,0,0),('254',45,'ESP_HASH_ALG','Hash Algorithm for ESP',5,13,'SHA-1 (recommended)',NULL,'SHA-1','SHA-1 (recommended)',1,1,1,NULL,0,0,0),('255',45,'ESP_HASH_ALG','Hash Algorithm for ESP',5,14,'MD5',NULL,'MD5',NULL,1,1,1,NULL,0,0,0),('256',45,'ESP_KEY_LIFETIME','Key Lifetime for ESP (in seconds)',6,19,NULL,NULL,'Enter Key Lifetime for ESP','3600',1,1,1,NULL,0,99999,30),('257',45,'dedicatedVPN','Specify gateway parameters for this cluster?',4,0,'Yes','formFields/45','Select if dedicated VPN required',NULL,0,1,0,NULL,0,0,0),('258',45,'PRE_SHARED_SECRET','Pre-Shared Secret',1,21,NULL,NULL,'Enter Pre-Shared Secret',NULL,1,1,1,NULL,0,0,0),('259',45,'PRE_SHARED_SECRET_CHK','Generate Pre-Shared Secret',4,20,'Yes',NULL,'Select checkbox to generate Pre-Shared Secret Key otherwise enter existing Pre-Shared Secret Key in below box',NULL,0,1,1,NULL,0,0,0),('26',7,'clusterDescription','Cluster Description',2,1,NULL,NULL,'Enter Cluster Description',NULL,1,1,0,NULL,0,0,0),('260',46,'VPN_IP_ADDRESS','Public IP address of your on-premise gateway',8,0,NULL,NULL,'Enter VPN Gateway IP Address',NULL,1,1,1,NULL,0,0,0),('261',46,'IKE_ENCRYPTION_ALG','Key-Exchange Encryption Algorithm',5,1,'AES-256 (recommended)',NULL,'AES-256','AES-256 (recommended)',1,1,1,NULL,0,0,0),('262',46,'IKE_ENCRYPTION_ALG','Key-Exchange Encryption Algorithm',5,3,'3DES',NULL,'3DES',NULL,1,1,1,NULL,0,0,0),('263',46,'IKE_HASH_ALG','Data Integrity Hash Algorithm',5,4,'SHA-1 (recommended)',NULL,'SHA-1','SHA-1 (recommended)',1,1,1,NULL,0,0,0),('264',46,'IKE_HASH_ALG','Data Integrity Hash Algorithm',5,5,'MD5',NULL,'MD5',NULL,1,1,1,NULL,0,0,0),('265',46,'IKE_ENCRYPTION_ALG','Key-Exchange Encryption Algorithm',5,2,'AES-128',NULL,'AES-128',NULL,1,1,1,NULL,0,0,0),('266',46,'IKE_DH_GROUP','Diffe-Hellman Group for IKE SA',5,6,'2',NULL,'2',NULL,1,1,1,NULL,0,0,0),('267',46,'IKE_DH_GROUP','Diffe-Hellman Group for IKE SA',5,7,'5',NULL,'5',NULL,1,1,1,NULL,0,0,0),('268',46,'AUTHENTICATION_MODE','Authentication Method',3,8,NULL,'authenticationMethods',NULL,NULL,1,1,1,NULL,0,0,0),('269',46,'IKE_KEY_LIFETIME','Lifetime of IKE SA',6,9,NULL,NULL,NULL,'3600',1,1,1,NULL,0,99999,30),('27',10,'importData','Import Data to HDFS',3,0,'No','dataCenters','Select Datacenter','No',1,1,0,NULL,0,0,0),('270',46,'CUST_SUBNETS','Customer Subnets',7,22,NULL,'subnets','Enter Subnet',NULL,1,1,1,NULL,0,0,0),('271',46,'ESP_ENCRYPTION_ALG','Encryption Algorithm for ESP',5,10,'AES-256 (recommended)',NULL,'AES-256','AES-256 (recommended)',1,1,1,NULL,0,0,0),('272',46,'ESP_ENCRYPTION_ALG','Encryption Algorithm for ESP',5,11,'AES-128',NULL,'AES-128',NULL,1,1,1,NULL,0,0,0),('273',46,'ESP_ENCRYPTION_ALG','Encryption Algorithm for ESP',5,12,'3DES',NULL,'3DES',NULL,1,1,1,NULL,0,0,0),('274',46,'ESP_HASH_ALG','Hash Algorithm for ESP',5,13,'SHA-1 (recommended)',NULL,'SHA-1','SHA-1 (recommended)',1,1,1,NULL,0,0,0),('275',46,'ESP_HASH_ALG','Hash Algorithm for ESP',5,14,'MD5',NULL,'MD5',NULL,1,1,1,NULL,0,0,0),('276',46,'ESP_KEY_LIFETIME','Key Lifetime for ESP (in seconds)',6,19,NULL,NULL,'Enter Key Lifetime for ESP','3600',1,1,1,NULL,0,99999,30),('277',46,'dedicatedVPN','Specify gateway parameters for this cluster?',4,0,'Yes','formFields/46','Select if dedicated VPN required',NULL,0,1,0,NULL,0,0,0),('278',46,'PRE_SHARED_SECRET','Pre-Shared Secret',1,21,NULL,NULL,'Enter Pre-Shared Secret',NULL,1,1,1,NULL,0,0,0),('279',46,'PRE_SHARED_SECRET_CHK','Generate Pre-Shared Secret',4,20,'Yes',NULL,'Select checkbox to generate Pre-Shared Secret Key otherwise enter existing Pre-Shared Secret Key in below box',NULL,0,1,1,NULL,0,0,0),('28',10,'DATA_IN_USERNAME','Object Store Username',1,3,NULL,NULL,'Object Store Username',NULL,1,1,1,NULL,0,0,0),('280',40,'VPN_IP_ADDRESS','Public IP address of your on-premise gateway',8,0,NULL,NULL,'Enter VPN Gateway IP Address',NULL,1,1,1,NULL,0,0,0),('281',40,'IKE_ENCRYPTION_ALG','Key-Exchange Encryption Algorithm',5,1,'AES-256 (recommended)',NULL,'AES-256','AES-256 (recommended)',1,1,1,NULL,0,0,0),('282',40,'IKE_ENCRYPTION_ALG','Key-Exchange Encryption Algorithm',5,3,'3DES',NULL,'3DES',NULL,1,1,1,NULL,0,0,0),('283',40,'IKE_HASH_ALG','Data Integrity Hash Algorithm',5,4,'SHA-1 (recommended)',NULL,'SHA-1','SHA-1 (recommended)',1,1,1,NULL,0,0,0),('284',40,'IKE_HASH_ALG','Data Integrity Hash Algorithm',5,5,'MD5',NULL,'MD5',NULL,1,1,1,NULL,0,0,0),('285',40,'IKE_ENCRYPTION_ALG','Key-Exchange Encryption Algorithm',5,2,'AES-128',NULL,'AES-128',NULL,1,1,1,NULL,0,0,0),('286',40,'IKE_DH_GROUP','Diffe-Hellman Group for IKE SA',5,6,'2',NULL,'2',NULL,1,1,1,NULL,0,0,0),('287',40,'IKE_DH_GROUP','Diffe-Hellman Group for IKE SA',5,7,'5',NULL,'5',NULL,1,1,1,NULL,0,0,0),('288',40,'AUTHENTICATION_MODE','Authentication Method',3,8,NULL,'authenticationMethods',NULL,NULL,1,1,1,NULL,0,0,0),('289',40,'IKE_KEY_LIFETIME','Lifetime of IKE SA',6,9,NULL,NULL,NULL,'3600',1,1,1,NULL,0,99999,30),('29',10,'DATA_IN_APIKEY','Object Store API Key',1,4,NULL,NULL,'Specify the API Key of the Object Store account',NULL,1,1,1,NULL,0,0,0),('290',40,'CUST_SUBNETS','Customer Subnets',7,22,NULL,'subnets','Enter Subnet',NULL,1,1,1,NULL,0,0,0),('291',40,'ESP_ENCRYPTION_ALG','Encryption Algorithm for ESP',5,10,'AES-256 (recommended)',NULL,'AES-256','AES-256 (recommended)',1,1,1,NULL,0,0,0),('292',40,'ESP_ENCRYPTION_ALG','Encryption Algorithm for ESP',5,11,'AES-128',NULL,'AES-128',NULL,1,1,1,NULL,0,0,0),('293',40,'ESP_ENCRYPTION_ALG','Encryption Algorithm for ESP',5,12,'3DES',NULL,'3DES',NULL,1,1,1,NULL,0,0,0),('294',40,'ESP_HASH_ALG','Hash Algorithm for ESP',5,13,'SHA-1 (recommended)',NULL,'SHA-1','SHA-1 (recommended)',1,1,1,NULL,0,0,0),('295',40,'ESP_HASH_ALG','Hash Algorithm for ESP',5,14,'MD5',NULL,'MD5',NULL,1,1,1,NULL,0,0,0),('296',40,'ESP_KEY_LIFETIME','Key Lifetime for ESP (in seconds)',6,19,NULL,NULL,'Enter Key Lifetime for ESP','3600',1,1,1,NULL,0,99999,30),('297',40,'dedicatedVPN','Specify gateway parameters for this cluster?',4,0,'Yes','formFields/40','Select if dedicated VPN required',NULL,0,1,0,NULL,0,0,0),('298',40,'PRE_SHARED_SECRET','Pre-Shared Secret',1,21,NULL,NULL,'Enter Pre-Shared Secret',NULL,1,1,1,NULL,0,0,0),('299',40,'PRE_SHARED_SECRET_CHK','Generate Pre-Shared Secret',4,20,'Yes',NULL,'Select checkbox to generate Pre-Shared Secret Key otherwise enter existing Pre-Shared Secret Key in below box',NULL,0,1,1,NULL,0,0,0),('300',2,'cpeLocationName','Cluster Location',3,4,NULL,'cpeLocations','Select Cluster Location',NULL,1,1,0,NULL,0,0,0),('301',17,'cpeLocationName','Cluster Location',3,4,NULL,'cpeLocations','Select Cluster Location',NULL,1,1,0,NULL,0,0,0),('302',26,'cpeLocationName','Cluster Location',3,4,NULL,'cpeLocations','Select Cluster Location',NULL,1,1,0,NULL,0,0,0),('303',21,'cpeLocationName','Cluster Location',3,4,NULL,'cpeLocations','Select Cluster Location',NULL,1,1,0,NULL,0,0,0),('304',31,'cpeLocationName','Cluster Location',3,4,NULL,'cpeLocations','Select Cluster Location',NULL,1,1,0,NULL,0,0,0),('305',36,'cpeLocationName','Cluster Location',3,4,NULL,'cpeLocations','Select Cluster Location',NULL,1,1,0,NULL,0,0,0),('306',9,'cpeLocationName','Cluster Location',3,4,NULL,'cpeLocations','Select Cluster Location',NULL,1,1,0,NULL,0,0,0),('307',14,'cpeLocationName','Cluster Location',3,4,NULL,'cpeLocations','Select Cluster Location',NULL,1,1,0,NULL,0,0,0),('310',40,'ESP_PFS','ESP Perfect Forward Secrecy',5,15,'Enabled',NULL,'Enabled',NULL,1,1,1,NULL,0,0,0),('311',40,'ESP_PFS','ESP Perfect Forward Secrecy',5,16,'2',NULL,'2',NULL,1,1,1,NULL,0,0,0),('312',40,'ESP_PFS','ESP Perfect Forward Secrecy',5,17,'5',NULL,'5',NULL,1,1,1,NULL,0,0,0),('313',40,'ESP_PFS','ESP Perfect Forward Secrecy',5,18,'Disabled',NULL,'Disabled','Disabled',1,1,1,NULL,0,0,0),('314',41,'ESP_PFS','ESP Perfect Forward Secrecy',5,15,'Enabled',NULL,'Enabled',NULL,1,1,1,NULL,0,0,0),('315',41,'ESP_PFS','ESP Perfect Forward Secrecy',5,16,'2',NULL,'2',NULL,1,1,1,NULL,0,0,0),('316',41,'ESP_PFS','ESP Perfect Forward Secrecy',5,17,'5',NULL,'5',NULL,1,1,1,NULL,0,0,0),('317',41,'ESP_PFS','ESP Perfect Forward Secrecy',5,18,'Disabled',NULL,'Disabled','Disabled',1,1,1,NULL,0,0,0),('318',42,'ESP_PFS','ESP Perfect Forward Secrecy',5,15,'Enabled',NULL,'Enabled',NULL,1,1,1,NULL,0,0,0),('319',42,'ESP_PFS','ESP Perfect Forward Secrecy',5,16,'2',NULL,'2',NULL,1,1,1,NULL,0,0,0),('32',10,'DATA_IN_LOCATION','Data Center Location',3,5,'Select Data Center','softLayerLocations',NULL,NULL,1,1,1,NULL,0,0,0),('320',42,'ESP_PFS','ESP Perfect Forward Secrecy',5,17,'5',NULL,'5',NULL,1,1,1,NULL,0,0,0),('321',42,'ESP_PFS','ESP Perfect Forward Secrecy',5,18,'Disabled',NULL,'Disabled','Disabled',1,1,1,NULL,0,0,0),('322',43,'ESP_PFS','ESP Perfect Forward Secrecy',5,15,'Enabled',NULL,'Enabled',NULL,1,1,1,NULL,0,0,0),('323',43,'ESP_PFS','ESP Perfect Forward Secrecy',5,16,'2',NULL,'2',NULL,1,1,1,NULL,0,0,0),('324',43,'ESP_PFS','ESP Perfect Forward Secrecy',5,17,'5',NULL,'5',NULL,1,1,1,NULL,0,0,0),('325',43,'ESP_PFS','ESP Perfect Forward Secrecy',5,18,'Disabled',NULL,'Disabled','Disabled',1,1,1,NULL,0,0,0),('326',44,'ESP_PFS','ESP Perfect Forward Secrecy',5,15,'Enabled',NULL,'Enabled',NULL,1,1,1,NULL,0,0,0),('327',44,'ESP_PFS','ESP Perfect Forward Secrecy',5,16,'2',NULL,'2',NULL,1,1,1,NULL,0,0,0),('328',44,'ESP_PFS','ESP Perfect Forward Secrecy',5,17,'5',NULL,'5',NULL,1,1,1,NULL,0,0,0),('329',44,'ESP_PFS','ESP Perfect Forward Secrecy',5,18,'Disabled',NULL,'Disabled','Disabled',1,1,1,NULL,0,0,0),('33',10,'DATA_IN_CONTAINER','Object Store Container',3,6,'Select Data Container','getContainersInLocation','Enter HDFS Object Store Container',NULL,1,1,1,NULL,0,0,0),('330',45,'ESP_PFS','ESP Perfect Forward Secrecy',5,15,'Enabled',NULL,'Enabled',NULL,1,1,1,NULL,0,0,0),('331',45,'ESP_PFS','ESP Perfect Forward Secrecy',5,16,'2',NULL,'2',NULL,1,1,1,NULL,0,0,0),('332',45,'ESP_PFS','ESP Perfect Forward Secrecy',5,17,'5',NULL,'5',NULL,1,1,1,NULL,0,0,0),('333',45,'ESP_PFS','ESP Perfect Forward Secrecy',5,18,'Disabled',NULL,'Disabled','Disabled',1,1,1,NULL,0,0,0),('334',46,'ESP_PFS','ESP Perfect Forward Secrecy',5,15,'Enabled',NULL,'Enabled',NULL,1,1,1,NULL,0,0,0),('335',46,'ESP_PFS','ESP Perfect Forward Secrecy',5,16,'2',NULL,'2',NULL,1,1,1,NULL,0,0,0),('336',46,'ESP_PFS','ESP Perfect Forward Secrecy',5,17,'5',NULL,'5',NULL,1,1,1,NULL,0,0,0),('337',46,'ESP_PFS','ESP Perfect Forward Secrecy',5,18,'Disabled',NULL,'Disabled','Disabled',1,1,1,NULL,0,0,0),('34',10,'DATA_IN_PATH','Object Store Path',1,7,NULL,NULL,'Enter the source path for your transfer. \r\n\r\n # To transfer all content from the container, enter * \r\n # To transfer a specific object from the container, enter objectname \r\n # To transfer all objects from a folder or sub-folder within the container, enter folder/* or folder/subfolder/*, etc. \r\n # To transfer a specific object from a folder or sub-folder, enter folder/objectname or folder/subfolder/objectname, etc.',NULL,1,1,1,NULL,0,0,0),('35',10,'DATA_IN_DESTINATION','HDFS Directory',1,8,NULL,NULL,'Enter the target directory for your transfer.  A new directory will be created, and the transfer will go to this directory.  If you enter a slash (/) only, the transfer will go to the parent directory. \r\n\r\n Examples: \r\n / \r\n /directoryname \r\n /directoryname/subdirectoryname',NULL,1,1,1,NULL,0,0,0),('353',49,'DATA_IN_DESTINATION','HDFS Directory',1,8,'',NULL,'Enter the target directory for your transfer.  You may enter a new directory or an existing one.  A new directory will be created with the name you enter if it doesn\'t already exist. \r\n\r\nExamples: \r\n/directoryname \r\n/directoryname/subdirectoryname',NULL,1,1,1,NULL,0,0,0),('354',49,'transferDirection','Transfer Direction',5,1,'From Softlayer Object Storage',NULL,'Select Transfer Direction ','From Softlayer Object Storage',1,1,1,NULL,0,0,0),('355',49,'transferDirection','Transfer Direction',5,2,'To Softlayer Object Storage',NULL,'Select Transfer Direction ',NULL,1,1,1,NULL,0,0,0),('356',49,'DATA_IN_PATH','Object Store Path',1,7,NULL,NULL,'Enter the source path for your transfer. \r\n1) To transfer all content from the container, enter * \r\n2) To transfer a specific object from the container, enter objectname \r\n3) To transfer all objects from a folder or sub-folder within the container, enter folder/* or folder/subfolder/*, etc. \r\n4)To transfer a specific object from a folder or sub-folder, enter folder/objectname or folder/subfolder/objectname, etc.',NULL,1,1,1,NULL,0,0,0),('357',50,'DATA_IN_DESTINATION','HDFS Path',1,8,'',NULL,'Enter the source path for your transfer.  It is not recommended to specify a wildcard at the directory level if that directory contains any subdirectories.  Instead, specify the full path. \r\n\r\n1) To transfer all objects from a directory, enter /directory/* \r\n2) To transfer a specific object from a directory, enter /directory/objectname \r\n3) To transfer all objects from a subdirectory, enter /directory/subdirectory/* \r\n4) To transfer a specific object from a subdirectory, enter /directory/subdirectory/objectname',NULL,1,1,1,NULL,0,0,0),('358',50,'DATA_IN_PATH','Object Store Path',1,7,NULL,NULL,'Enter the source path for your transfer. \r\n\r\n1) To transfer directly to the container, enter / \r\n2) To transfer to a new directory, enter /newDirectoryName',NULL,1,1,1,NULL,0,0,0),('359',51,'DATA_IN_DESTINATION','HDFS Directory',1,8,'',NULL,'Enter the target directory for your transfer.  You may enter a new directory or an existing one.  A new directory will be created with the name you enter if it doesn\'t already exist. \r\n\r\nExamples: \r\n/directoryname \r\n/directoryname/subdirectoryname',NULL,1,1,1,NULL,0,0,0),('360',51,'transferDirection','Transfer Direction',5,1,'From Softlayer Object Storage',NULL,'Select Transfer Direction ','From Softlayer Object Storage',1,1,1,NULL,0,0,0),('361',51,'transferDirection','Transfer Direction',5,2,'To Softlayer Object Storage',NULL,'Select Transfer Direction ',NULL,1,1,1,NULL,0,0,0),('362',51,'DATA_IN_PATH','Object Store Path',1,7,NULL,NULL,'Enter the source path for your transfer. \r\n1) To transfer all content from the container, enter * \r\n2) To transfer a specific object from the container, enter objectname \r\n3) To transfer all objects from a folder or sub-folder within the container, enter folder/* or folder/subfolder/*, etc. \r\n4)To transfer a specific object from a folder or sub-folder, enter folder/objectname or folder/subfolder/objectname, etc.',NULL,1,1,1,NULL,0,0,0),('363',52,'DATA_IN_DESTINATION','HDFS Path',1,8,'',NULL,'Enter the source path for your transfer.  It is not recommended to specify a wildcard at the directory level if that directory contains any subdirectories.  Instead, specify the full path. \r\n\r\n1) To transfer all objects from a directory, enter /directory/* \r\n2) To transfer a specific object from a directory, enter /directory/objectname \r\n3) To transfer all objects from a subdirectory, enter /directory/subdirectory/* \r\n4) To transfer a specific object from a subdirectory, enter /directory/subdirectory/objectname',NULL,1,1,1,NULL,0,0,0),('364',52,'DATA_IN_PATH','Object Store Path',1,7,NULL,NULL,'Enter the source path for your transfer. \r\n\r\n1) To transfer directly to the container, enter / \r\n2) To transfer to a new directory, enter /newDirectoryName',NULL,1,1,1,NULL,0,0,0),('365',53,'DATA_IN_DESTINATION','HDFS Directory',1,8,'',NULL,'Enter the target directory for your transfer.  You may enter a new directory or an existing one.  A new directory will be created with the name you enter if it doesn\'t already exist. \r\n\r\nExamples: \r\n/directoryname \r\n/directoryname/subdirectoryname',NULL,1,1,1,NULL,0,0,0),('366',53,'transferDirection','Transfer Direction',5,1,'From Softlayer Object Storage',NULL,'Select Transfer Direction ','From Softlayer Object Storage',1,1,1,NULL,0,0,0),('367',53,'transferDirection','Transfer Direction',5,2,'To Softlayer Object Storage',NULL,'Select Transfer Direction ',NULL,1,1,1,NULL,0,0,0),('368',53,'DATA_IN_PATH','Object Store Path',1,7,NULL,NULL,'Enter the source path for your transfer. \r\n1) To transfer all content from the container, enter * \r\n2) To transfer a specific object from the container, enter objectname \r\n3) To transfer all objects from a folder or sub-folder within the container, enter folder/* or folder/subfolder/*, etc. \r\n4)To transfer a specific object from a folder or sub-folder, enter folder/objectname or folder/subfolder/objectname, etc.',NULL,1,1,1,NULL,0,0,0),('369',54,'DATA_IN_DESTINATION','HDFS Path',1,8,'',NULL,'Enter the source path for your transfer.  It is not recommended to specify a wildcard at the directory level if that directory contains any subdirectories.  Instead, specify the full path. \r\n\r\n1) To transfer all objects from a directory, enter /directory/* \r\n2) To transfer a specific object from a directory, enter /directory/objectname \r\n3) To transfer all objects from a subdirectory, enter /directory/subdirectory/* \r\n4) To transfer a specific object from a subdirectory, enter /directory/subdirectory/objectname',NULL,1,1,1,NULL,0,0,0),('370',54,'DATA_IN_PATH','Object Store Path',1,7,NULL,NULL,'Enter the source path for your transfer. \r\n\r\n1) To transfer directly to the container, enter / \r\n2) To transfer to a new directory, enter /newDirectoryName',NULL,1,1,1,NULL,0,0,0),('371',55,'DATA_IN_DESTINATION','HDFS Directory',1,8,'',NULL,'Enter the target directory for your transfer.  You may enter a new directory or an existing one.  A new directory will be created with the name you enter if it doesn\'t already exist. \r\n\r\nExamples: \r\n/directoryname \r\n/directoryname/subdirectoryname',NULL,1,1,1,NULL,0,0,0),('372',55,'transferDirection','Transfer Direction',5,1,'From Softlayer Object Storage',NULL,'Select Transfer Direction ','From Softlayer Object Storage',1,1,1,NULL,0,0,0),('373',55,'transferDirection','Transfer Direction',5,2,'To Softlayer Object Storage',NULL,'Select Transfer Direction ',NULL,1,1,1,NULL,0,0,0),('374',55,'DATA_IN_PATH','Object Store Path',1,7,NULL,NULL,'Enter the source path for your transfer. \r\n1) To transfer all content from the container, enter * \r\n2) To transfer a specific object from the container, enter objectname \r\n3) To transfer all objects from a folder or sub-folder within the container, enter folder/* or folder/subfolder/*, etc. \r\n4)To transfer a specific object from a folder or sub-folder, enter folder/objectname or folder/subfolder/objectname, etc.',NULL,1,1,1,NULL,0,0,0),('375',56,'DATA_IN_DESTINATION','HDFS Path',1,8,'',NULL,'Enter the source path for your transfer.  It is not recommended to specify a wildcard at the directory level if that directory contains any subdirectories.  Instead, specify the full path. \r\n\r\n1) To transfer all objects from a directory, enter /directory/* \r\n2) To transfer a specific object from a directory, enter /directory/objectname \r\n3) To transfer all objects from a subdirectory, enter /directory/subdirectory/* \r\n4) To transfer a specific object from a subdirectory, enter /directory/subdirectory/objectname',NULL,1,1,1,NULL,0,0,0),('376',56,'DATA_IN_PATH','Object Store Path',1,7,NULL,NULL,'Enter the source path for your transfer. \r\n\r\n1) To transfer directly to the container, enter / \r\n2) To transfer to a new directory, enter /newDirectoryName',NULL,1,1,1,NULL,0,0,0),('377',57,'DATA_IN_DESTINATION','HDFS Directory',1,8,'',NULL,'Enter the target directory for your transfer.  You may enter a new directory or an existing one.  A new directory will be created with the name you enter if it doesn\'t already exist. \r\n\r\nExamples: \r\n/directoryname \r\n/directoryname/subdirectoryname',NULL,1,1,1,NULL,0,0,0),('378',57,'transferDirection','Transfer Direction',5,1,'From Softlayer Object Storage',NULL,'Select Transfer Direction ','From Softlayer Object Storage',1,1,1,NULL,0,0,0),('379',57,'transferDirection','Transfer Direction',5,2,'To Softlayer Object Storage',NULL,'Select Transfer Direction ',NULL,1,1,1,NULL,0,0,0),('380',57,'DATA_IN_PATH','Object Store Path',1,7,NULL,NULL,'Enter the source path for your transfer. \r\n1) To transfer all content from the container, enter * \r\n2) To transfer a specific object from the container, enter objectname \r\n3) To transfer all objects from a folder or sub-folder within the container, enter folder/* or folder/subfolder/*, etc. \r\n4)To transfer a specific object from a folder or sub-folder, enter folder/objectname or folder/subfolder/objectname, etc.',NULL,1,1,1,NULL,0,0,0),('381',58,'DATA_IN_DESTINATION','HDFS Path',1,8,'',NULL,'Enter the source path for your transfer.  It is not recommended to specify a wildcard at the directory level if that directory contains any subdirectories.  Instead, specify the full path. \r\n\r\n1) To transfer all objects from a directory, enter /directory/* \r\n2) To transfer a specific object from a directory, enter /directory/objectname \r\n3) To transfer all objects from a subdirectory, enter /directory/subdirectory/* \r\n4) To transfer a specific object from a subdirectory, enter /directory/subdirectory/objectname',NULL,1,1,1,NULL,0,0,0),('382',58,'DATA_IN_PATH','Object Store Path',1,7,NULL,NULL,'Enter the source path for your transfer. \r\n\r\n1) To transfer directly to the container, enter / \r\n2) To transfer to a new directory, enter /newDirectoryName',NULL,1,1,1,NULL,0,0,0),('383',59,'DATA_IN_DESTINATION','HDFS Directory',1,8,'',NULL,'Enter the target directory for your transfer.  You may enter a new directory or an existing one.  A new directory will be created with the name you enter if it doesn\'t already exist. \r\n\r\nExamples: \r\n/directoryname \r\n/directoryname/subdirectoryname',NULL,1,1,1,NULL,0,0,0),('384',59,'transferDirection','Transfer Direction',5,1,'From Softlayer Object Storage',NULL,'Select Transfer Direction ','From Softlayer Object Storage',1,1,1,NULL,0,0,0),('385',59,'transferDirection','Transfer Direction',5,2,'To Softlayer Object Storage',NULL,'Select Transfer Direction ',NULL,1,1,1,NULL,0,0,0),('386',59,'DATA_IN_PATH','Object Store Path',1,7,NULL,NULL,'Enter the source path for your transfer. \r\n1) To transfer all content from the container, enter * \r\n2) To transfer a specific object from the container, enter objectname \r\n3) To transfer all objects from a folder or sub-folder within the container, enter folder/* or folder/subfolder/*, etc. \r\n4)To transfer a specific object from a folder or sub-folder, enter folder/objectname or folder/subfolder/objectname, etc.',NULL,1,1,1,NULL,0,0,0),('387',60,'DATA_IN_DESTINATION','HDFS Path',1,8,'',NULL,'Enter the source path for your transfer.  It is not recommended to specify a wildcard at the directory level if that directory contains any subdirectories.  Instead, specify the full path. \r\n\r\n1) To transfer all objects from a directory, enter /directory/* \r\n2) To transfer a specific object from a directory, enter /directory/objectname \r\n3) To transfer all objects from a subdirectory, enter /directory/subdirectory/* \r\n4) To transfer a specific object from a subdirectory, enter /directory/subdirectory/objectname',NULL,1,1,1,NULL,0,0,0),('388',60,'DATA_IN_PATH','Object Store Path',1,7,NULL,NULL,'Enter the source path for your transfer. \r\n\r\n1) To transfer directly to the container, enter / \r\n2) To transfer to a new directory, enter /newDirectoryName',NULL,1,1,1,NULL,0,0,0),('389',61,'DATA_IN_DESTINATION','HDFS Directory',1,8,'',NULL,'Enter the target directory for your transfer.  You may enter a new directory or an existing one.  A new directory will be created with the name you enter if it doesn\'t already exist. \r\n\r\nExamples: \r\n/directoryname \r\n/directoryname/subdirectoryname',NULL,1,1,1,NULL,0,0,0),('390',61,'transferDirection','Transfer Direction',5,1,'From Softlayer Object Storage',NULL,'Select Transfer Direction ','From Softlayer Object Storage',1,1,1,NULL,0,0,0),('391',61,'transferDirection','Transfer Direction',5,2,'To Softlayer Object Storage',NULL,'Select Transfer Direction ',NULL,1,1,1,NULL,0,0,0),('392',61,'DATA_IN_PATH','Object Store Path',1,7,NULL,NULL,'Enter the source path for your transfer. \r\n1) To transfer all content from the container, enter * \r\n2) To transfer a specific object from the container, enter objectname \r\n3) To transfer all objects from a folder or sub-folder within the container, enter folder/* or folder/subfolder/*, etc. \r\n4)To transfer a specific object from a folder or sub-folder, enter folder/objectname or folder/subfolder/objectname, etc.',NULL,1,1,1,NULL,0,0,0),('393',62,'DATA_IN_DESTINATION','HDFS Path',1,8,'',NULL,'Enter the source path for your transfer.  It is not recommended to specify a wildcard at the directory level if that directory contains any subdirectories.  Instead, specify the full path. \r\n\r\n1) To transfer all objects from a directory, enter /directory/* \r\n2) To transfer a specific object from a directory, enter /directory/objectname \r\n3) To transfer all objects from a subdirectory, enter /directory/subdirectory/* \r\n4) To transfer a specific object from a subdirectory, enter /directory/subdirectory/objectname',NULL,1,1,1,NULL,0,0,0),('394',62,'DATA_IN_PATH','Object Store Path',1,7,NULL,NULL,'Enter the source path for your transfer. \r\n\r\n1) To transfer directly to the container, enter / \r\n2) To transfer to a new directory, enter /newDirectoryName',NULL,1,1,1,NULL,0,0,0),('4',3,'importData','Import Data to HDFS',3,0,'No','dataCenters','Select Datacenter','No',1,1,0,NULL,0,0,0),('49',13,'clusterName','Cluster Name',1,0,NULL,'checkClusterName','Enter Cluster Name',NULL,1,1,0,NULL,0,0,0),('5',3,'DATA_IN_USERNAME','Object Store Username',1,3,NULL,NULL,'Object Store Username',NULL,1,1,1,NULL,0,0,0),('50',13,'clusterDescription','Cluster Description',2,1,NULL,NULL,'Enter Cluster Description',NULL,1,1,0,NULL,0,0,0),('52',16,'clusterName','Cluster Name',1,0,NULL,'checkClusterName','Enter Cluster Name',NULL,1,1,0,NULL,0,0,0),('53',16,'clusterDescription','Cluster Description',2,1,NULL,NULL,'Enter Cluster Description',NULL,1,1,0,NULL,0,0,0),('55',18,'importData','Import Data to HDFS',3,0,'No','dataCenters','Select Datacenter','No',1,1,0,NULL,0,0,0),('56',18,'DATA_IN_USERNAME','Object Store Username',1,3,NULL,NULL,'Object Store Username',NULL,1,1,1,NULL,0,0,0),('57',18,'DATA_IN_APIKEY','Object Store API Key',1,4,NULL,NULL,'Specify the API Key of the Object Store account',NULL,1,1,1,NULL,0,0,0),('58',18,'DATA_IN_LOCATION','Data Center',3,5,'Select Data Center','softLayerLocations',NULL,NULL,1,1,1,NULL,0,0,0),('59',18,'DATA_IN_CONTAINER','Object Store Container',3,6,'Select Data Container','getContainersInLocation','Enter HDFS Object Store Container',NULL,1,1,1,NULL,0,0,0),('6',3,'DATA_IN_APIKEY','Object Store API Key',1,4,NULL,NULL,'Specify the API Key of the Object Store account',NULL,1,1,1,NULL,0,0,0),('60',18,'DATA_IN_PATH','Object Store Path',1,7,NULL,NULL,'Enter the source path for your transfer. \r\n\r\n # To transfer all content from the container, enter * \r\n # To transfer a specific object from the container, enter objectname \r\n # To transfer all objects from a folder or sub-folder within the container, enter folder/* or folder/subfolder/*, etc. \r\n # To transfer a specific object from a folder or sub-folder, enter folder/objectname or folder/subfolder/objectname, etc.',NULL,1,1,1,NULL,0,0,0),('61',18,'DATA_IN_DESTINATION','HDFS Directory',1,8,NULL,NULL,'Enter the target directory for your transfer.  A new directory will be created, and the transfer will go to this directory.  If you enter a slash (/) only, the transfer will go to the parent directory. \r\n\r\n Examples: \r\n / \r\n /directoryname \r\n /directoryname/subdirectoryname',NULL,1,1,1,NULL,0,0,0),('62',14,'edgeNodes','Edge Nodes',6,2,NULL,NULL,'This cluster allows you to have from 0 up to w edge nodes where w is the number of worker nodes for your cluster. Click on Info Icon to learn more about Edge Nodes.','Select',1,1,0,'An edge node is a worker node that is provisioned with a public interface so that the cluster has additional nodes (other than the master node) with public domain access. These nodes can be used to ingest data at scale or from different data sources.',1,0,0),('63',20,'clusterName','Cluster Name',1,0,NULL,'checkClusterName','Enter Cluster Name',NULL,1,1,0,NULL,0,0,0),('64',20,'clusterDescription','Cluster Description',2,1,NULL,NULL,'Enter Cluster Description',NULL,1,1,0,NULL,0,0,0),('66',22,'importData','Import Data to HDFS',3,0,'No','dataCenters','Select Datacenter','No',1,1,0,NULL,0,0,0),('67',22,'DATA_IN_USERNAME','Object Store Username',1,3,NULL,NULL,'Object Store Username',NULL,1,1,1,NULL,0,0,0),('68',22,'DATA_IN_APIKEY','Object Store API Key',1,4,NULL,NULL,'Specify the API Key of the Object Store account',NULL,1,1,1,NULL,0,0,0),('69',22,'DATA_IN_LOCATION','Data Center',3,5,'Select Data Center','softLayerLocations',NULL,NULL,1,1,1,NULL,0,0,0),('70',22,'DATA_IN_CONTAINER','Object Store Container',3,6,'Select Data Container','getContainersInLocation','Enter HDFS Object Store Container',NULL,1,1,1,NULL,0,0,0),('71',22,'DATA_IN_PATH','Object Store Path',1,7,NULL,NULL,'Enter the source path for your transfer. \r\n\r\n # To transfer all content from the container, enter * \r\n # To transfer a specific object from the container, enter objectname \r\n # To transfer all objects from a folder or sub-folder within the container, enter folder/* or folder/subfolder/*, etc. \r\n # To transfer a specific object from a folder or sub-folder, enter folder/objectname or folder/subfolder/objectname, etc.',NULL,1,1,1,NULL,0,0,0),('72',22,'DATA_IN_DESTINATION','HDFS Directory',1,8,NULL,NULL,'Enter the target directory for your transfer.  A new directory will be created, and the transfer will go to this directory.  If you enter a slash (/) only, the transfer will go to the parent directory. \r\n\r\n Examples: \r\n / \r\n /directoryname \r\n /directoryname/subdirectoryname',NULL,1,1,1,NULL,0,0,0),('73',23,'USE_SDFS','Is Secure Hadoop?',4,0,'Yes','formFields/23','Select Checkbox for Secure Hadoop','No',0,1,0,NULL,0,0,0),('74',23,'SDFS_USERNAME','Swift Object Storage Username',1,1,NULL,NULL,'Enter Swift Object Storage Username',NULL,1,1,1,NULL,0,0,0),('75',23,'SDFS_APIKEY','Swift Object Storage API Key',1,2,NULL,NULL,'Enter Swift Object Storage API Key',NULL,1,1,1,NULL,0,0,0),('76',23,'SDFS_LOCATION','SDFS Data Center',3,3,'Select Data Center','softLayerLocations',NULL,NULL,1,1,1,NULL,0,0,0),('78',2,'dataNode','Data Nodes',6,1,'','nodes','This cluster allows you to have from 1 up to n-1 data nodes where n is the quota for your cluster. Click on Info Icon to learn more about Data Nodes.','Select',1,1,0,'A data node runs compute services like Data Node, HBase Region Server, Task Tracker etc. Data nodes provide all of their local storage to HDFS.',1,0,0),('79',2,'masterNode','Master Node',1,0,'1',NULL,'This cluster requires 1 and only 1 master node. Click on Info Icon to learn more about Master Nodes.','1',1,1,0,'A master node runs management services like Admin Console, NameNode, Secondary NameNode, JobTracker, HCatalog, etc. If the cluster has / provides access to the Internet, the master node is provisioned with a public interface.',1,0,0),('80',2,'nodeConfiguration','Show / Hide node configuration',7,3,NULL,'nodeConfigurations','Show / Hide node configuration',NULL,1,1,0,NULL,0,0,0),('81',9,'dataNode','Data Nodes',6,1,'','nodes','This cluster allows you to have from 1 up to n-1 data nodes where n is the quota for your cluster. Click on Info Icon to learn more about Data Nodes.','Select',1,1,0,'A data node runs compute services like Data Node, HBase Region Server, Task Tracker etc. Data nodes provide all of their local storage to HDFS.',1,0,0),('82',9,'masterNode','Master Node',1,0,'1',NULL,'This cluster requires 1 and only 1 master node. Click on Info Icon to learn more about Master Nodes.','1',1,1,0,'A master node runs management services like Admin Console, NameNode, Secondary NameNode, JobTracker, HCatalog, etc. If the cluster has / provides access to the Internet, the master node is provisioned with a public interface.',1,0,0),('83',9,'nodeConfiguration','Show / Hide node configuration',7,3,NULL,'nodeConfigurations','Show / Hide node configuration',NULL,1,1,0,NULL,0,0,0),('84',14,'dataNode','Worker Nodes',6,1,'','nodes','This cluster allows you to have from 1 up to n-1 worker nodes where n is the quota for your cluster. Click on Info Icon to learn more about Worker Nodes.','Select',1,1,0,'A worker node runs streams application jobs.',1,0,0),('85',14,'masterNode','Master Node',1,0,'1',NULL,'This cluster requires 1 and only 1 master node. Click on Info Icon to learn more about Master Nodes.','1',1,1,0,'A master node runs management services like Admin Console, Management API Service, etc. If the cluster has / provides access to the Internet, the master node is provisioned with a public interface.',1,0,0),('86',14,'nodeConfiguration','Show / Hide node configuration',7,3,NULL,'nodeConfigurations','Show / Hide node configuration',NULL,1,1,0,NULL,0,0,0),('87',17,'dataNode','Data Nodes',6,1,'','nodes','This cluster allows you to have from 1 up to n-1 data nodes where n is the quota for your cluster. Click on Info Icon to learn more about Data Nodes.','Select',1,1,0,'A data node runs compute services like Data Node, HBase Region Server, Task Tracker etc. Data nodes provide all of their local storage to HDFS.',1,0,0),('88',17,'masterNode','Master Node',1,0,'1',NULL,'This cluster requires 1 and only 1 master node. Click on Info Icon to learn more about Master Nodes.','1',1,1,0,'A master node runs management services like Admin Console, NameNode, Secondary NameNode, JobTracker, HCatalog, etc. If the cluster has / provides access to the Internet, the master node is provisioned with a public interface.',1,0,0),('89',17,'nodeConfiguration','Show / Hide node configuration',7,3,NULL,'nodeConfigurations','Show / Hide node configuration',NULL,1,1,0,NULL,0,0,0),('9',3,'DATA_IN_LOCATION','Data Center',3,5,'Select Data Center','softLayerLocations',NULL,NULL,1,1,1,NULL,0,0,0),('90',21,'dataNode','Data Nodes',6,1,'','nodes','This cluster allows you to have from 1 up to n-1 data nodes where n is the quota for your cluster. Click on Info Icon to learn more about Data Nodes.','Select',1,1,0,'A data node runs compute services like Data Node, HBase Region Server, Task Tracker etc. Data nodes provide all of their local storage to HDFS.',1,0,0),('91',21,'masterNode','Master Node',1,0,'1',NULL,'This cluster requires 1 and only 1 master node. Click on Info Icon to learn more about Master Nodes.','1',1,1,0,'A master node runs management services like Admin Console, NameNode, Secondary NameNode, JobTracker, HCatalog, etc. If the cluster has / provides access to the Internet, the master node is provisioned with a public interface.',1,0,0),('92',21,'nodeConfiguration','Show / Hide node configuration',7,3,NULL,'nodeConfigurations','Show / Hide node configuration',NULL,1,1,0,NULL,0,0,0),('98',25,'clusterName','Cluster Name',1,0,NULL,'checkClusterName','Enter Cluster Name',NULL,1,1,0,NULL,0,0,0),('99',25,'clusterDescription','Cluster Description',2,1,NULL,NULL,'Enter Cluster Description',NULL,1,1,0,NULL,0,0,0);
/*!40000 ALTER TABLE `FORMFIELDS` ENABLE KEYS */;
UNLOCK TABLES;

--
-- Table structure for table `NODECONFIGURATIONS`
--

DROP TABLE IF EXISTS `NODECONFIGURATIONS`;
/*!40101 SET @saved_cs_client     = @@character_set_client */;
/*!40101 SET character_set_client = utf8 */;
CREATE TABLE `NODECONFIGURATIONS` (
  `id` varchar(36) NOT NULL,
  `pluginId` varchar(45) DEFAULT NULL,
  `nodeSize` varchar(45) DEFAULT NULL,
  `specification` varchar(250) DEFAULT NULL,
  `dataBandwidth` varchar(250) DEFAULT NULL,
  `usedFor` varchar(250) DEFAULT NULL,
  PRIMARY KEY (`id`),
  KEY `pluginId` (`pluginId`),
  CONSTRAINT `NODECONFIGURATIONS_ibfk_1` FOREIGN KEY (`pluginId`) REFERENCES `plugins` (`id`)
) ENGINE=InnoDB DEFAULT CHARSET=latin1;
/*!40101 SET character_set_client = @saved_cs_client */;

--
-- Dumping data for table `NODECONFIGURATIONS`
--

LOCK TABLES `NODECONFIGURATIONS` WRITE;
/*!40000 ALTER TABLE `NODECONFIGURATIONS` DISABLE KEYS */;
INSERT INTO `NODECONFIGURATIONS` VALUES ('1','hortonworks','Small','. 2 Physical Cores (4 vCPUs)~. 19GB RAM~. 2 X 3.5TB direct attached SATA disks~. Shared 10GBPs Ethernet','. 5TB per node over public interface~. Unlimited over private interface','Data extraction, transformation, file processing, search'),('10','streams-dev','Large','. 10 Physical Cores (20 vCPUs)~. 96GB RAM~. 10 X 3.5TB direct attached SATA disks~. Dedicated 10GBPs Ethernet','. 20TB per node over public interface~. Unlimited over private interface','External data ingest, data warehouse, advanced analytics'),('11','bi-qse','Small','. 2 Physical Cores (4 vCPUs)~. 19GB RAM~. 2 X 3.5TB direct attached SATA disks~. Shared 10GBPs Ethernet','. 5TB per node over public interface~. Unlimited over private interface','Data extraction, transformation, file processing, search'),('12','bi-qse','Large','. 10 Physical Cores (20 vCPUs)~. 96GB RAM~. 10 X 3.5TB direct attached SATA disks~. Dedicated 10GBPs Ethernet','. 20TB per node over public interface~. Unlimited over private interface','External data ingest, data warehouse, advanced analytics'),('13','bi30-sdfs','Small','. 2 Physical Cores (4 vCPUs)~. 19GB RAM~. 2 X 3.5TB direct attached SATA disks~. Shared 10GBPs Ethernet','. 5TB per node over public interface~. Unlimited over private interface','Data extraction, transformation, file processing, search'),('14','bi30-sdfs','Large','. 10 Physical Cores (20 vCPUs)~. 96GB RAM~. 10 X 3.5TB direct attached SATA disks~. Dedicated 10GBPs Ethernet','. 20TB per node over public interface~. Unlimited over private interface','External data ingest, data warehouse, advanced analytics'),('15','bi40-IOP','Small','. 2 Physical Cores (4 vCPUs)~. 19GB RAM~. 2 X 3.5TB direct attached SATA disks~. Shared 10GBPs Ethernet','. 5TB per node over public interface~. Unlimited over private interface','Data extraction, transformation, file processing, search'),('16','bi40-IOP','Large','. 10 Physical Cores (20 vCPUs)~. 96GB RAM~. 10 X 3.5TB direct attached SATA disks~. Dedicated 10GBPs Ethernet','. 20TB per node over public interface~. Unlimited over private interface','External data ingest, data warehouse, advanced analytics'),('17','bi40-addons','Small','. 2 Physical Cores (4 vCPUs)~. 19GB RAM~. 2 X 3.5TB direct attached SATA disks~. Shared 10GBPs Ethernet','. 5TB per node over public interface~. Unlimited over private interface','Data extraction, transformation, file processing, search'),('18','bi40-addons','Large','. 10 Physical Cores (20 vCPUs)~. 96GB RAM~. 10 X 3.5TB direct attached SATA disks~. Dedicated 10GBPs Ethernet','. 20TB per node over public interface~. Unlimited over private interface','External data ingest, data warehouse, advanced analytics'),('2','hortonworks','Large','. 10 Physical Cores (20 vCPUs)~. 96GB RAM~. 10 X 3.5TB direct attached SATA disks~. Dedicated 10GBPs Ethernet','. 20TB per node over public interface~. Unlimited over private interface','External data ingest, data warehouse, advanced analytics'),('3','bi-30','Small','. 2 Physical Cores (4 vCPUs)~. 19GB RAM~. 2 X 3.5TB direct attached SATA disks~. Shared 10GBPs Ethernet','. 5TB per node over public interface~. Unlimited over private interface','Data extraction, transformation, file processing, search'),('4','bi-30','Large','. 10 Physical Cores (20 vCPUs)~. 96GB RAM~. 10 X 3.5TB direct attached SATA disks~. Dedicated 10GBPs Ethernet','. 20TB per node over public interface~. Unlimited over private interface','External data ingest, data warehouse, advanced analytics'),('5','bi40','Small','. 2 Physical Cores (4 vCPUs)~. 19GB RAM~. 2 X 3.5TB direct attached SATA disks~. Shared 10GBPs Ethernet','. 5TB per node over public interface~. Unlimited over private interface','Data extraction, transformation, file processing, search'),('6','bi40','Large','. 10 Physical Cores (20 vCPUs)~. 96GB RAM~. 10 X 3.5TB direct attached SATA disks~. Dedicated 10GBPs Ethernet','. 20TB per node over public interface~. Unlimited over private interface','External data ingest, data warehouse, advanced analytics'),('7','bi40','Small','. 2 Physical Cores (4 vCPUs)~. 19GB RAM~. 2 X 3.5TB direct attached SATA disks~. Shared 10GBPs Ethernet','. 5TB per node over public interface~. Unlimited over private interface','Data extraction, transformation, file processing, search'),('8','bi40','Large','. 10 Physical Cores (20 vCPUs)~. 96GB RAM~. 10 X 3.5TB direct attached SATA disks~. Dedicated 10GBPs Ethernet','. 20TB per node over public interface~. Unlimited over private interface','External data ingest, data warehouse, advanced analytics'),('9','streams-dev','Small','. 2 Physical Cores (4 vCPUs)~. 19GB RAM~. 2 X 3.5TB direct attached SATA disks~. Shared 10GBPs Ethernet','. 5TB per node over public interface~. Unlimited over private interface','Data extraction, transformation, file processing, search');
/*!40000 ALTER TABLE `NODECONFIGURATIONS` ENABLE KEYS */;
UNLOCK TABLES;

--
-- Table structure for table `OFFERINGLOCATIONS`
--

DROP TABLE IF EXISTS `OFFERINGLOCATIONS`;
/*!40101 SET @saved_cs_client     = @@character_set_client */;
/*!40101 SET character_set_client = utf8 */;
CREATE TABLE `OFFERINGLOCATIONS` (
  `id` varchar(36) NOT NULL,
  `offeringId` varchar(50) NOT NULL,
  `cpeLocationName` varchar(100) NOT NULL,
  PRIMARY KEY (`id`),
  KEY `offeringId` (`offeringId`),
  KEY `cpeLocationName` (`cpeLocationName`),
  CONSTRAINT `OFFERINGLOCATIONS_ibfk_1` FOREIGN KEY (`offeringId`) REFERENCES `OFFERINGS` (`id`),
  CONSTRAINT `OFFERINGLOCATIONS_ibfk_2` FOREIGN KEY (`cpeLocationName`) REFERENCES `CPELOCATIONS` (`name`)
) ENGINE=InnoDB DEFAULT CHARSET=latin1;
/*!40101 SET character_set_client = @saved_cs_client */;

--
-- Dumping data for table `OFFERINGLOCATIONS`
--

LOCK TABLES `OFFERINGLOCATIONS` WRITE;
/*!40000 ALTER TABLE `OFFERINGLOCATIONS` DISABLE KEYS */;
INSERT INTO `OFFERINGLOCATIONS` VALUES ('4b4a784d-447b-4275-913b-5f9728c7727c','biginsights','wdc01'),('ac63b726-e198-4f8e-bc50-bbe60ea6cbee','bi-30','wdc01'),('ac63b726-e198-4f8e-bc50-bbe60ea6cbef','bi-qse','wdc01'),('ac63b726-e198-4f8e-bc50-bbe60ea6cbeg','bi30-sdfs','wdc01'),('ac63b726-e198-4f8e-bc50-bbe60ea6cbeh','bi40','wdc01'),('ac63b726-e198-4f8e-bc50-bbe60ea6cbei','bi40-IOP','wdc01'),('ac63b726-e198-4f8e-bc50-bbe60ea6cbej','bi40-addons','wdc01'),('ac63b726-e198-4f8e-bc50-bbe60ea6cbek','hortonworks','wdc01'),('ac63b726-e198-4f8e-bc50-bbe60ea6cbel','streams-dev','wdc01');
/*!40000 ALTER TABLE `OFFERINGLOCATIONS` ENABLE KEYS */;
UNLOCK TABLES;

--
-- Table structure for table `STEPDETAILS`
--

DROP TABLE IF EXISTS `STEPDETAILS`;
/*!40101 SET @saved_cs_client     = @@character_set_client */;
/*!40101 SET character_set_client = utf8 */;
CREATE TABLE `STEPDETAILS` (
  `id` varchar(36) NOT NULL DEFAULT '',
  `stepNumber` int(11) DEFAULT NULL,
  `pluginId` varchar(50) DEFAULT NULL,
  `name` varchar(50) DEFAULT NULL,
  `description` varchar(250) DEFAULT NULL,
  `formTitle` varchar(45) NOT NULL,
  `formDescription` varchar(250) NOT NULL,
  `isEnabled` tinyint(4) DEFAULT '1',
  PRIMARY KEY (`id`)
) ENGINE=InnoDB DEFAULT CHARSET=latin1;
/*!40101 SET character_set_client = @saved_cs_client */;

--
-- Dumping data for table `STEPDETAILS`
--

LOCK TABLES `STEPDETAILS` WRITE;
/*!40000 ALTER TABLE `STEPDETAILS` DISABLE KEYS */;
INSERT INTO `STEPDETAILS` VALUES ('1',1,'bi-30','Step 1','Cluster Description','Provide details about your cluster','Complete the fields below to describe your new {name} cluster. Required fields are indicated with an asterisk (*).',1),('10',4,'hortonworks','Step 4','Data Automation','Provide information about the Object Store','Please provide details of your data automation',1),('12',6,'hortonworks','Step 6','Review Details','Review Details','Please Review your details for {name} ~ Note: After the environment is created, click on the cluster name to view the password information.',1),('13',1,'streams-dev','Step 1','Cluster Description','Provide details about your cluster','Complete the fields below to describe your new {name} cluster. Required fields are indicated with an asterisk (*).',1),('14',2,'streams-dev','Step 2','Cluster Parameters','Provide details about the cluster size','Please provide details about your cluster size. Required fields are indicated with an asterisk (*). ',1),('15',3,'streams-dev','Step 3','Review Details','Review Details','Please Review your details for {name} ~ Note: After the environment is created, click on the cluster name to view the password information.',1),('16',1,'bi-qse','Step 1','Cluster Description','Provide details about your cluster','Complete the fields below to describe your new {name} cluster. Required fields are indicated with an asterisk (*).',1),('17',2,'bi-qse','Step 2','Cluster Parameters','Provide details about the cluster size','Please provide details about your cluster size. Required fields are indicated with an asterisk (*). ',1),('18',3,'bi-qse','Step 3','Data Automation','Provide information about the Object Store','Please provide details of your data automation',1),('19',6,'bi-qse','Step 6','Review Details','Review Details','Please Review your details for {name} ~ Note: After the environment is created, click on the cluster name to view the password information.',1),('2',2,'bi-30','Step 2','Cluster Parameters','Provide details about the cluster size','Please provide details about your cluster size. Required fields are indicated with an asterisk (*). ',1),('20',1,'bi40','Step 1','Cluster Description','Provide details about your cluster','Complete the fields below to describe your new {name} cluster. Required fields are indicated with an asterisk (*).',1),('21',2,'bi40','Step 2','Cluster Parameters','Provide details about the cluster size','Please provide details about your cluster size. Required fields are indicated with an asterisk (*).',1),('22',3,'bi40','Step 3','Data Automation','Provide information about the Object Store','Please provide details of your data automation',1),('23',4,'bi40','Step 4','Secure Hadoop','Secure Hadoop','Please provide details of your Secure Hadoop',0),('24',6,'bi40','Step 6','Review Details','Review details','Please Review your details for {name} ~ Note: After the environment is created, click on the cluster name to view the password information.',1),('25',1,'bi30-sdfs','Step 1','Cluster Description','Provide details about your cluster','Complete the fields below to describe your new {name} cluster. Required fields are indicated with an asterisk (*).',1),('26',2,'bi30-sdfs','Step 2','Cluster Parameters','Provide details about the cluster size','Please provide details about your cluster size. Required fields are indicated with an asterisk (*).',1),('27',3,'bi30-sdfs','Step 3','Data Automation','Provide information about the object store','Please provide details of your data automation',1),('28',4,'bi30-sdfs','Step 4','Secure Hadoop','Secure Hadoop','Please provide details of your Secure Hadoop',1),('29',6,'bi30-sdfs','Step 6','Review Details','Review details','Please Review your details for {name} ~ Note: After the environment is created, click on the cluster name to view the password information.',1),('3',3,'bi-30','Step 3','Data Automation','Provide information about the Object Store','Please provide details of your data automation',1),('30',1,'bi40-IOP','Step 1','Cluster Description','Provide details about your cluster','Complete the fields below to describe your new {name} cluster. Required fields are indicated with an asterisk (*).',1),('31',2,'bi40-IOP','Step 2','Cluster Parameters','Provide details about the cluster size','Please provide details about your cluster size. Required fields are indicated with an asterisk (*).',1),('32',3,'bi40-IOP','Step 3','Data Automation','Provide information about the Object Store','Please provide details of your data automation',1),('33',4,'bi40-IOP','Step 4','Secure Hadoop','Secure Hadoop','Please provide details of your Secure Hadoop',0),('34',6,'bi40-IOP','Step 6','Review Details','Review details','Please Review your details for {name} ~ Note: After the environment is created, click on the cluster name to view the password information.',1),('35',1,'bi40-addons','Step 1','Cluster Description','Provide details about your cluster','Complete the fields below to describe your new {name} cluster. Required fields are indicated with an asterisk (*).',1),('36',2,'bi40-addons','Step 2','Cluster Parameters','Provide details about the cluster size','Please provide details about your cluster size. Required fields are indicated with an asterisk (*).',1),('37',3,'bi40-addons','Step 3','Data Automation','Provide information about the object store','Please provide details of your data automation',1),('38',4,'bi40-addons','Step 4','Secure Hadoop','Secure Hadoop','Please provide details of your Secure Hadoop',0),('39',6,'bi40-addons','Step 6','Review Details','Review details','Please Review your details for {name} ~ Note: After the environment is created, click on the cluster name to view the password information.',1),('4',4,'bi-30','Step 4','Secure Hadoop','Secure Hadoop','Please provide details of your Secure Hadoop',0),('40',5,'hortonworks','Step 5','Gateway Parameters','Dedicated VPN Gateway Parameters','Provide details about your dedicated VPN gateway. This step is optional. You may skip this step and enter the gateway parameters after the cluster is provisioned. Required fields are indicated with an asterisk (*).',0),('41',5,'bi-30','Step 5','Gateway Parameters','Dedicated VPN Gateway Parameters','Provide details about your dedicated VPN gateway. This step is optional. You may skip this step and enter the gateway parameters after the cluster is provisioned. Required fields are indicated with an asterisk (*).',0),('42',5,'bi-qse','Step 5','Gateway Parameters','Dedicated VPN Gateway Parameters','Provide details about your dedicated VPN gateway. This step is optional. You may skip this step and enter the gateway parameters after the cluster is provisioned. Required fields are indicated with an asterisk (*).',0),('43',5,'bi30-sdfs','Step 5','Gateway Parameters','Dedicated VPN Gateway Parameters','Provide details about your dedicated VPN gateway. This step is optional. You may skip this step and enter the gateway parameters after the cluster is provisioned. Required fields are indicated with an asterisk (*).',0),('44',5,'bi40','Step 5','Gateway Parameters','Dedicated VPN Gateway Parameters','Provide details about your dedicated VPN gateway. This step is optional. You may skip this step and enter the gateway parameters after the cluster is provisioned. Required fields are indicated with an asterisk (*).',0),('45',5,'bi40-IOP','Step 5','Gateway Parameters','Dedicated VPN Gateway Parameters','Provide details about your dedicated VPN gateway. This step is optional. You may skip this step and enter the gateway parameters after the cluster is provisioned. Required fields are indicated with an asterisk (*).',0),('46',5,'bi40-addons','Step 5','Gateway Parameters','Dedicated VPN Gateway Parameters','Provide details about your dedicated VPN gateway. This step is optional. You may skip this step and enter the gateway parameters after the cluster is provisioned. Required fields are indicated with an asterisk (*).',0),('47',0,'hortonworks','Step 0','Transfer data','Transfer data','dummy step to maintain transfer data steps',0),('48',-1,'hortonworks','Step -1','Transfer data','Transfer data','dummy step to maintain transfer data steps',0),('49',0,'bi-30','Step 0','Transfer data','Transfer data','dummy step to maintain transfer data steps',0),('5',6,'bi-30','Step 6','Review Details','Review details','Please Review your details for {name} ~ Note: After the environment is created, click on the cluster name to view the password information.',1),('50',-1,'bi-30','Step -1','Transfer data','Transfer data','dummy step to maintain transfer data steps',0),('51',0,'bi-qse','Step 0','Transfer data','Transfer data','dummy step to maintain transfer data steps',0),('52',-1,'bi-qse','Step -1','Transfer data','Transfer data','dummy step to maintain transfer data steps',0),('53',0,'bi40-IOP','Step 0','Transfer data','Transfer data','dummy step to maintain transfer data steps',0),('54',-1,'bi40-IOP','Step -1','Transfer data','Transfer data','dummy step to maintain transfer data steps',0),('55',0,'bi30-sdfs','Step 0','Transfer data','Transfer data','dummy step to maintain transfer data steps',0),('56',-1,'bi30-sdfs','Step -1','Transfer data','Transfer data','dummy step to maintain transfer data steps',0),('57',0,'bi40','Step 0','Transfer data','Transfer data','dummy step to maintain transfer data steps',0),('58',-1,'bi40','Step -1','Transfer data','Transfer data','dummy step to maintain transfer data steps',0),('59',0,'bi40-addons','Step 0','Transfer data','Transfer data','dummy step to maintain transfer data steps',0),('60',-1,'bi40-addons','Step -1','Transfer data','Transfer data','dummy step to maintain transfer data steps',0),('61',0,'streams-dev','Step 0','Transfer data','Transfer data','dummy step to maintain transfer data steps',0),('62',-1,'streams-dev','Step -1','Transfer data','Transfer data','dummy step to maintain transfer data steps',0),('7',1,'hortonworks','Step 1','Cluster Description','Provide details about your cluster','Complete the fields below to describe your new {name} cluster. Required fields are indicated with an asterisk (*).',1),('9',3,'hortonworks','Step 3','Cluster Parameters','Provide details about the cluster size','Please provide details about your cluster size. Required fields are indicated with an asterisk (*). ',1);
/*!40000 ALTER TABLE `STEPDETAILS` ENABLE KEYS */;
UNLOCK TABLES;

/*!40101 SET SQL_MODE=@OLD_SQL_MODE */;
/*!40014 SET FOREIGN_KEY_CHECKS=@OLD_FOREIGN_KEY_CHECKS */;
/*!40014 SET UNIQUE_CHECKS=@OLD_UNIQUE_CHECKS */;
/*!40101 SET CHARACTER_SET_CLIENT=@OLD_CHARACTER_SET_CLIENT */;
/*!40101 SET CHARACTER_SET_RESULTS=@OLD_CHARACTER_SET_RESULTS */;
/*!40101 SET COLLATION_CONNECTION=@OLD_COLLATION_CONNECTION */;
/*!40111 SET SQL_NOTES=@OLD_SQL_NOTES */;

-- Dump completed on 2015-10-21  5:31:00
