INSERT INTO PCMAEBACKENDS (ID, url, account, username, password) VALUES ('n35-cpe', 'https://mapreduce.beta.manage.softlayer.com:8443/pcmwebapi-1.0/rest', '2c9e8790-424e0880-0142-d853be03-3fff', 'cluster-provisioning-engine', '2x1ARSJQ9WbQyGtZEOKqVw==');
INSERT INTO PCMAEBACKENDS (id, url, account, username, password) VALUES ('poc-cpe-sandbox', 'https://usdal05pcm00014ianra.dev.analytics.ibmcloud.com:8443/pcmwebapi-1.0/rest', '2c989851-4818e752-0148-1d271fbf-0f63', 'cpe-sandbox', '2x1ARSJQ9WbQyGtZEOKqVw==');
INSERT INTO PCMAEBACKENDS (id, url, account, username, password) VALUES ('poc-cpe-test', 'https://usdal05pcm00014ianra.dev.analytics.ibmcloud.com:8443/pcmwebapi-1.0/rest', '2c989851-4818e752-0148-1d271fbf-0f63', 'cpe-test', '2x1ARSJQ9WbQyGtZEOKqVw==');
INSERT INTO PCMAEBACKENDS (id, url, account, username, password) VALUES ('poc-cpe-test1', 'https://usdal05pcm00014ianra.dev.analytics.ibmcloud.com:8443/pcmwebapi-1.0/rest', '2c989851-4818e752-0148-1d271fbf-0f63', 'cpe-test1', '2x1ARSJQ9WbQyGtZEOKqVw==');
INSERT INTO PCMAEBACKENDS (id, url, account, username, password) VALUES ('poc-cpe-prod', 'https://usdal05pcm00014ianra.dev.analytics.ibmcloud.com:8443/pcmwebapi-1.0/rest', '2c989851-4818e752-0148-1d271fbf-0f63', 'cpe-prod', '2x1ARSJQ9WbQyGtZEOKqVw==');
INSERT INTO PCMAEBACKENDS (id, url, account, username, password) VALUES ('poc-sf', 'https://usdal05pcm00014ianra.dev.analytics.ibmcloud.com:8443/pcmwebapi-1.0/rest', '2c989851-4856692e-0148-56d84e05-0b94', 'solution-foundry', 'oNbjtah/68dyP44NTrbX6w==');
INSERT INTO PCMAEBACKENDS (id, url, account, username, password) VALUES ('dev2-cpe', 'https://75.126.27.219:8443/pcmwebapi-1.0/rest', '2c9e984a-444b68b1-0144-4fe09b3d-0523', 'cluster-provisioning-engine', '2x1ARSJQ9WbQyGtZEOKqVw==');
INSERT INTO PCMAEBACKENDS (id, url, account, username, password) VALUES ('dev3-cpe', 'https://75.126.27.220:8443/pcmwebapi-1.0/rest', '2c9e984b-4690508a-0146-90b1b4ed-0005', 'cluster-provisioning-engine', '2x1ARSJQ9WbQyGtZEOKqVw==');
INSERT INTO PCMAEBACKENDS (id, url, account, username, password) VALUES ('hpc11-cpe-prod', 'https://uswdc01hpc00011ianra.analytics.ibmcloud.com:9443/pcmwebapi-1.0/rest', '8aec7242-491ee447-0149-1f5aeeba-00fd', 'cpe-prod', '2x1ARSJQ9WbQyGtZEOKqVw==');
INSERT INTO PCMAEBACKENDS (id, url, account, username, password) VALUES ('hpc24-cpe-test', 'https://10.124.83.213:9443/pcmwebapi-1.0/rest', '8afcd355-4b849fcf-014b-bed9cdee-061e', 'cpe-test', '2x1ARSJQ9WbQyGtZEOKqVw==');
INSERT INTO PCMAEBACKENDS (id, url, account, username, password) VALUES ('hpc13-cpe-test', 'https://10.124.83.213:9443/pcmwebapi-1.0/rest', '8afcd355-4b849fcf-014b-bed9cdee-061e', 'cpe-test', '2x1ARSJQ9WbQyGtZEOKqVw==');
INSERT INTO PLUGINS (id, className, source)  VALUES ('bi-qse', 'com.ibm.icas.biqse.ServiceProviderPlugin', 'file:///home/lokesh/Downloads/cpe/../bi-qse-plugin/target/classes/');
INSERT INTO PLUGINS (id, className, source) VALUES ('bi-30', 'com.ibm.icas.biginsights.ServiceProviderPlugin', 'file:///home/lokesh/Downloads/cpe/../biginsights-plugin/target/classes/');
INSERT INTO PLUGINS (id, className, source) VALUES ('bi30-sdfs', 'com.ibm.icas.biginsights.ServiceProviderPlugin', 'file:///home/lokesh/Downloads/cpe/../biginsights-plugin/target/classes/');
INSERT INTO PLUGINS (id, className, source)  VALUES ('streams', 'com.ibm.icas.streams.ServiceProviderPlugin', 'file:///home/lokesh/Downloads/cpe/../streams-plugin/target/classes/');
INSERT INTO PLUGINS (id, className, source)  VALUES ('cloudera', 'com.ibm.icas.cloudera.ServiceProviderPlugin', 'file:///home/lokesh/Downloads/cpe/../cloudera-plugin/target/classes/');
INSERT INTO PLUGINS (id, className, source)  VALUES ('hortonworks', 'com.ibm.icas.hortonworks.ServiceProviderPlugin', 'file:///home/lokesh/Downloads/cpe/../hortonworks-plugin/target/classes/');
INSERT INTO PLUGINS (id, className, source)  VALUES ('monitoring', 'com.ibm.icas.monitoring.ServiceProviderPlugin', 'file:///home/lokesh/Downloads/cpe/../monitoring-plugin/target/classes/');
INSERT INTO PLUGINS (id, className, source) VALUES ('bi40-IOP', 'com.ibm.icas.biginsights40.ServiceProviderPlugin', 'file:///home/lokesh/Downloads/cpe/../biginsights40-plugin/target/classes/');
INSERT INTO PLUGINS (id, className, source) VALUES ('bi40-addons', 'com.ibm.icas.biginsights40.ServiceProviderPlugin', 'file:///home/lokesh/Downloads/cpe/../biginsights40-plugin/target/classes/');
UPDATE PLUGINS SET source='file:///home/lokesh/Downloads/cpe/../bi-qse-plugin/target/classes/' WHERE id='bi-qse';
UPDATE PLUGINS SET source='file:///home/lokesh/Downloads/cpe/../biginsights-plugin/target/classes/' WHERE id='bi-30';
UPDATE PLUGINS SET source='file:///home/lokesh/Downloads/cpe/../biginsights-plugin/target/classes/' WHERE id='bi30-sdfs';
UPDATE PLUGINS SET source='file:///home/lokesh/Downloads/cpe/../streams-dev-plugin/target/classes/' WHERE id='streams';
UPDATE PLUGINS SET source='file:///home/lokesh/Downloads/cpe/../cloudera-plugin/target/classes/' WHERE id='cloudera';
UPDATE PLUGINS SET source='file:///home/lokesh/Downloads/cpe/../hortonworks-plugin/target/classes/' WHERE id='hortonworks';
UPDATE PLUGINS SET source='file:///home/lokesh/Downloads/cpe/../monitoring-plugin/target/classes/' WHERE id='monitoring';
UPDATE PLUGINS SET source='file:///home/lokesh/Downloads/cpe/../biginsights40-plugin/target/classes/' WHERE id='bi40-IOP';
UPDATE PLUGINS SET source='file:///home/lokesh/Downloads/cpe/../biginsights40-plugin/target/classes/' WHERE id='bi40-addons';
INSERT INTO PLUGINPARAMS (plugin, name, value)  VALUES ('streams', 'kvm.cluster.def.small', '2c9e8790-4615aaf6-0146-164a0fef-09e4');
INSERT INTO PLUGINPARAMS (plugin, name, value)  VALUES ('streams', 'kvm.cluster.def.large', '2c9e8790-4615aaf6-0146-164a0fef-09e4');
INSERT INTO PLUGINPARAMS (plugin, name, value)  VALUES ('streams', 'compute.tier.name', 'ComputeNodes');
INSERT INTO PLUGINPARAMS (plugin, name, value)  VALUES ('streams', 'edge.tier.name', 'EdgeNodes');
INSERT INTO PLUGINPARAMS (plugin, name, value)  VALUES ('streams', 'cluster.quota', '2');
INSERT INTO PLUGINPARAMS (plugin, name, value)  VALUES ('bi-30', 'kvm.cluster.def', '2c9e8790-4615aaf6-0146-de2f782d-6cec');
INSERT INTO PLUGINPARAMS (plugin, name, value)  VALUES ('bi-30', 'compute.tier.name', 'ComputeNodes');
INSERT INTO PLUGINPARAMS (plugin, name, value)  VALUES ('bi-qse', 'kvm.cluster.def.small', '2c9e8790-4615aaf6-0146-de2f782d-6cec');
INSERT INTO PLUGINPARAMS (plugin, name, value)  VALUES ('bi-qse', 'kvm.cluster.def.large', '2c9e8790-4615aaf6-0146-de2f782d-6cec');
INSERT INTO PLUGINPARAMS (plugin, name, value)  VALUES ('bi-qse', 'compute.tier.name', 'ComputeNodes');
INSERT INTO PLUGINPARAMS (plugin, name, value)  VALUES ('hortonworks', 'kvm.cluster.def', '2c989851-486a58d3-0148-7a943e39-0f6c');
INSERT INTO PLUGINPARAMS (plugin, name, value)  VALUES ('monitoring', 'kvm.cluster.def', '8aec7242-49337986-0149-3d4f5a57-12af');

INSERT INTO CONTENTMAP (id, url) VALUES ('bi30-sdfs', 'http://localhost:8081/biginsights');
INSERT INTO CONTENTMAP (id, url) VALUES ('bi-qse', 'http://localhost:8081/bi-qse');
INSERT INTO CONTENTMAP (id, url) VALUES ('streams', 'http://localhost:8081/streams-dev');
INSERT INTO CONTENTMAP (id, url) VALUES ('bi-30', 'http://localhost:8081/biginsights');
INSERT INTO CONTENTMAP (id, url) VALUES ('bi40-IOP', 'http://localhost:8081/biginsights40');
INSERT INTO CONTENTMAP (id, url) VALUES ('bi40-addons', 'http://localhost:8081/biginsights40');
INSERT INTO CONTENTMAP (id, url) VALUES ('cloudera', 'http://localhost:8081/cloudera');
INSERT INTO CONTENTMAP (id, url) VALUES ('hortonworks', 'http://localhost:8081/hortonworks');
INSERT INTO CONTENTMAP (id, url) VALUES ('monitoring', 'http://localhost:8081/monitoring');
INSERT INTO CONTENTMAP (id, url) VALUES ('dummy', 'http://localhost:8081/dummy');

INSERT INTO OFFERINGS (id, oauthKey, oauthSecret, name, plugin, urlPath, multiuser)  VALUES ('biginsights-sandbox', 'mapreduce-as-a-service-7103', '4LgE/Rp2Jilkftrw4PK/GL7pQGBUWA6T7CwihKzYZpA=', 'IBM InfoSphere BigInsights', 'bi-30', 'bi-30', TRUE);
INSERT INTO OFFERINGS (id, oauthKey, oauthSecret, name, plugin, urlPath, multiuser)  VALUES ('streams-sandbox', 'ibm-infosphere-streams-7172', 'c0ANM2RS7qsFMUz9gdtWtr7pQGBUWA6T7CwihKzYZpA=', 'IBM InfoSphere Streams', 'streams', 'streams', TRUE);
INSERT INTO OFFERINGS (id, oauthKey, oauthSecret, name, plugin, urlPath, multiuser)  VALUES ('biginsights', 'ibm-infosphere-biginsights-3', 'tBb2/gJVXwRiEuUcIPgOUb7pQGBUWA6T7CwihKzYZpA=', 'IBM InfoSphere BigInsights', 'bi-30', 'bi-30', TRUE);
INSERT INTO OFFERINGS (id, oauthKey, oauthSecret, name, plugin, urlPath, multiuser)  VALUES ('streams', 'ibm-infosphere-streams-4', '9msL6dNEWEaf715sfCxfIb7pQGBUWA6T7CwihKzYZpA=', 'IBM InfoSphere Streams', 'streams', 'streams', TRUE);
INSERT INTO OFFERINGS (id, oauthKey, oauthSecret, name, plugin, urlPath, multiuser)  VALUES ('cloudera', 'cloudera-28', 'xzWL2JpbQInoRXnzpYyNdL7pQGBUWA6T7CwihKzYZpA=', 'Cloudera', 'cloudera', 'cloudera', TRUE);
INSERT INTO OFFERINGS (id, oauthKey, oauthSecret, name, plugin, urlPath, multiuser)  VALUES ('streams2', 'ibm-infosphere-streams-336', 'J6HkSgBKKGWt/opHx0fjN77pQGBUWA6T7CwihKzYZpA=', 'IBM InfoSphere Streams (dev)', 'streams', 'streams', TRUE);
INSERT INTO OFFERINGS (id, oauthKey, oauthSecret, name, plugin, urlPath, multiuser)  VALUES ('hortonworks', 'hortonworks-150', 'wJA9Gd5iR4c1x/duQJ3GnL7pQGBUWA6T7CwihKzYZpA=', 'Hortonworks', 'hortonworks', 'hortonworks', TRUE);
INSERT INTO OFFERINGS (id, oauthKey, oauthSecret, name, plugin, urlPath, multiuser)   VALUES ('monitoring-dev', 'monitoring-for-analytics-1072', 'wC00An61laP+iRajB1L7f77pQGBUWA6T7CwihKzYZpA=', 'Monitoring for Analytics', 'monitoring', 'monitoring', TRUE);
INSERT INTO OFFERINGS (id, oauthKey, oauthSecret, name, plugin, urlPath, multiuser)  VALUES ('bi-qse-stage', 'ibm-infosphere-biginsights-qse-1492', 'EROHeDFK+WraLm9upCr2ur7pQGBUWA6T7CwihKzYZpA=', 'IBM InfoSphere BigInsights QSE (Stage)', 'bi-qse', 'bi-qse', TRUE);
INSERT INTO OFFERINGS (id, oauthKey, oauthSecret, name, plugin, urlPath, multiuser)  VALUES ('bi-30', 'test-icas-bi-30-2699', 'LcYFNS3Sj3dweQnoW0QiXr7pQGBUWA6T7CwihKzYZpA=', 'IBM Cloud Analytics Application Services|for InfoSphere BigInsights 3.0', 'bi-30', 'bi-30', TRUE);
INSERT INTO OFFERINGS (id, oauthKey, oauthSecret, name, plugin, urlPath, multiuser)  VALUES ('bi-qse-test', 'test-icas-bi-qse-2696', 'Tfm1gdBVOwjKP2dSRjo+9r7pQGBUWA6T7CwihKzYZpA=', 'IBM Cloud Analytics Application Services|for InfoSphere BigInsights QuickStart Edition', 'bi-qse', 'bi-qse', TRUE);
INSERT INTO OFFERINGS (id, oauthKey, oauthSecret, name, plugin, urlPath, multiuser)  VALUES ('streams-test', 'test-icas-streams-2693', 'ledl8dxRJuxauxsFIi03Q77pQGBUWA6T7CwihKzYZpA=', 'IBM Cloud Analytics Application Services|for InfoSphere Streams 3.2.1', 'streams', 'streams', TRUE);
INSERT INTO OFFERINGS (id, oauthKey, oauthSecret, name, plugin, urlPath, multiuser)  VALUES ('bi-qse-trial', 'bi-free-edition-2266', 'zs8ZXNS5cBt3PMctHwFbC77pQGBUWA6T7CwihKzYZpA=', 'IBM Cloud Analytics Application Services|for InfoSphere BigInsights QuickStart Edition', 'bi-qse', 'bi-qse', TRUE);
INSERT INTO OFFERINGS (id, oauthKey, oauthSecret, name, plugin, urlPath, multiuser)  VALUES ('streams-trial', 'streams-free-edition-2269', '7TL/HLcfG1oJZGZ0E4zBML7pQGBUWA6T7CwihKzYZpA=', 'IBM Cloud Analytics Application Services|for InfoSphere Streams 3.2.1', 'streams', 'streams', TRUE);
INSERT INTO OFFERINGS (id, oauthKey, oauthSecret, name, plugin, urlPath, multiuser)  VALUES ('bi-qse', 'ibm-cloud-analytics-services--for-use-with-biginsights-quick-start-edition-2028', 'ADjqnGDpsJLjSQSRzKOa277pQGBUWA6T7CwihKzYZpA=', 'IBM Cloud Analytics Application Services|for InfoSphere BigInsights QuickStart Edition', 'bi-qse', 'bi-qse', TRUE);
INSERT INTO OFFERINGS (id, oauthKey, oauthSecret, name, plugin, urlPath, multiuser)  VALUES ('streams4', 'ibm-cloud-analytics-services-for-infosphere-streams-1566', 'AavkDWec4hnvhBbRMin9gr7pQGBUWA6T7CwihKzYZpA=', 'IBM Cloud Analytics Application Services|for InfoSphere Streams 3.2.1', 'streams', 'streams', TRUE);
INSERT INTO OFFERINGS (id, oauthKey, oauthSecret, name, plugin, urlPath, multiuser)   VALUES ('monitoring', 'monitoring-for-analytics-1765', 'g8/CTyS13mOK19yzflLZab7pQGBUWA6T7CwihKzYZpA=', 'Monitoring for Analytics', 'monitoring', 'monitoring', TRUE);
INSERT INTO OFFERINGS (id, oauthKey, oauthSecret, name, plugin, urlPath, multiuser)   VALUES ('ibm10cent', 'ibm10centtest-1800', 'XFGne0VfExBfhv+hiSRqUb7pQGBUWA6T7CwihKzYZpA=', 'IBM Internal Test', NULL, 'dummy', TRUE);
INSERT INTO OFFERINGS (id, oauthKey, oauthSecret, name, plugin, urlPath, multiuser)  VALUES ('streams3', 'ibm-infosphere-streams-973', 'RFegK4CL7wFp/0ZAaioTfb7pQGBUWA6T7CwihKzYZpA=', 'IBM InfoSphere Streams', 'streams', 'streams', TRUE);
INSERT INTO OFFERINGS (id, oauthKey, oauthSecret, name, plugin, urlPath, multiuser)  VALUES ('biginsights-dev', 'test-3', 'nsLtYt3WWvfsI/2Nrt6cZ77pQGBUWA6T7CwihKzYZpA=', 'IBM InfoSphere BigInsights', 'bi-30', 'bi-30', TRUE);
INSERT INTO OFFERINGS (id, oauthKey, oauthSecret, name, plugin, urlPath, multiuser)  VALUES ('streams-deprecated', 'ibm-infosphere-streams-186', '', 'IBM InfoSphere Streams', 'streams', 'streams', TRUE);


INSERT INTO CONTROLTYPES VALUES ('1','text');
INSERT INTO CONTROLTYPES VALUES ('2','textarea');
INSERT INTO CONTROLTYPES VALUES ('3','select');
INSERT INTO CONTROLTYPES VALUES ('4','checkbox');
INSERT INTO CONTROLTYPES VALUES ('5','radio');
INSERT INTO CONTROLTYPES VALUES ('6','spinner');
INSERT INTO CONTROLTYPES VALUES ('7','link');
INSERT INTO CONTROLTYPES VALUES ('8','ipaddress');

INSERT INTO STEPDETAILS VALUES ('1',1,'bi-30','Step 1','Cluster Description','Provide details about your cluster','Complete the fields below to describe your new {name} cluster. Required fields are indicated with an asterisk (*).',1);
INSERT INTO STEPDETAILS VALUES ('10',3,'hortonworks','Step 3','Data Automation','Provide information about the object store','Please provide details of your data automation',1);
INSERT INTO STEPDETAILS VALUES ('12',5,'hortonworks','Step 5','Review Details','Review Details','Please Review your details for {name} ~ Note: After the environment is created, click on the cluster name to view the password information.',1);
INSERT INTO STEPDETAILS VALUES ('13',1,'streams','Step 1','Cluster Description','Provide details about your cluster','Complete the fields below to describe your new {name} cluster. Required fields are indicated with an asterisk (*).',1);
INSERT INTO STEPDETAILS VALUES ('14',2,'streams','Step 2','Cluster Parameters','Provide details about the cluster size','Please provide details about your cluster size. Required fields are indicated with an asterisk (*). ',1);
INSERT INTO STEPDETAILS VALUES ('15',3,'streams','Step 3','Review Details','Review Details','Please Review your details for {name} ~ Note: After the environment is created, click on the cluster name to view the password information.',1);
INSERT INTO STEPDETAILS VALUES ('2',2,'bi-30','Step 2','Cluster Parameters','Provide details about the cluster size','Please provide details about your cluster size. Required fields are indicated with an asterisk (*). ',1);
INSERT INTO STEPDETAILS VALUES ('20',1,'bi30-sdfs','Step 1','Cluster Description','Provide details about your cluster','Complete the fields below to describe your new {name} cluster. Required fields are indicated with an asterisk (*).',1);
INSERT INTO STEPDETAILS VALUES ('21',2,'bi30-sdfs','Step 2','Cluster Parameters','Provide details about the cluster size','Please provide details about your cluster size. Required fields are indicated with an asterisk (*).',1);
INSERT INTO STEPDETAILS VALUES ('22',3,'bi30-sdfs','Step 3','Data Automation','Provide information about the object store','Please provide details of your data automation',1);
INSERT INTO STEPDETAILS VALUES ('23',4,'bi30-sdfs','Step 4','Secure Hadoop','Secure Hadoop','Please provide details of your Secure Hadoop',1);
INSERT INTO STEPDETAILS VALUES ('24',6,'bi30-sdfs','Step 6','Review Details','Review details','Please Review your details for {name} ~ Note: After the environment is created, click on the cluster name to view the password information.',1);
INSERT INTO STEPDETAILS VALUES ('25',4,'hortonworks','Step 4','Gateway Parameters','Dedicated VPN Gateway Parameters','Provide details about your dedicated VPN gateway. This step is optional. You may skip this step and enter the gateway parameters after the cluster is provisioned. Required fields are indicated with an asterisk (*).',1);
INSERT INTO STEPDETAILS VALUES ('26',5,'bi-30','Step 5','Gateway Parameters','Dedicated VPN Gateway Parameters','Provide details about your dedicated VPN gateway. This step is optional. You may skip this step and enter the gateway parameters after the cluster is provisioned. Required fields are indicated with an asterisk (*).',1);
INSERT INTO STEPDETAILS VALUES ('27',5,'bi30-sdfs','Step 5','Gateway Parameters','Dedicated VPN Gateway Parameters','Provide details about your dedicated VPN gateway. This step is optional. You may skip this step and enter the gateway parameters after the cluster is provisioned. Required fields are indicated with an asterisk (*).',1);
INSERT INTO STEPDETAILS VALUES ('3',3,'bi-30','Step 3','Data Automation','Provide information about the object store','Please provide details of your data automation',1);
INSERT INTO STEPDETAILS VALUES ('30',0,'hortonworks','Step 0','Transfer Data','Transfer Data','dummy step to maintain transfer data steps',0);
INSERT INTO STEPDETAILS VALUES ('31',-1,'hortonworks','Step -1','Transfer Data','Transfer Data','dummy step to maintain transfer data steps',0);
INSERT INTO STEPDETAILS VALUES ('32',0,'bi-30','Step 0','Transfer Data','Transfer Data','dummy step to maintain transfer data steps',0);
INSERT INTO STEPDETAILS VALUES ('33',-1,'bi-30','Step -1','Transfer Data','Transfer Data','dummy step to maintain transfer data steps',0);
INSERT INTO STEPDETAILS VALUES ('34',0,'streams','Step 0','Transfer Data','Transfer Data','dummy step to maintain transfer data steps',0);
INSERT INTO STEPDETAILS VALUES ('35',-1,'streams','Step -1','Transfer Data','Transfer Data','dummy step to maintain transfer data steps',0);
INSERT INTO STEPDETAILS VALUES ('36',0,'bi30-sdfs','Step 0','Transfer Data','Transfer Data','dummy step to maintain transfer data steps',0);
INSERT INTO STEPDETAILS VALUES ('37',-1,'bi30-sdfs','Step -1','Transfer Data','Transfer Data','dummy step to maintain transfer data steps',0);
INSERT INTO STEPDETAILS VALUES ('60',0,'bi40-IOP','Step 0','Transfer Data','Transfer Data','dummy step to maintain transfer data steps',0);
INSERT INTO STEPDETAILS VALUES ('61',-1,'bi40-IOP','Step -1','Transfer Data','Transfer Data','dummy step to maintain transfer data steps',0);
INSERT INTO STEPDETAILS VALUES ('62',0,'bi40-addons','Step 0','Transfer Data','Transfer Data','dummy step to maintain transfer data steps',0);
INSERT INTO STEPDETAILS VALUES ('63',-1,'bi40-addons','Step -1','Transfer Data','Transfer Data','dummy step to maintain transfer data steps',0);
INSERT INTO STEPDETAILS VALUES ('64',0,'bi-qse','Step 0','Transfer Data','Transfer Data','dummy step to maintain transfer data steps',0);
INSERT INTO STEPDETAILS VALUES ('65',-1,'bi-qse','Step -1','Transfer Data','Transfer Data','dummy step to maintain transfer data steps',0);
INSERT INTO STEPDETAILS VALUES ('38',1,'bi40-IOP','Step 1','Cluster Description','Provide details about your cluster','Complete the fields below to describe your new {name} cluster. Required fields are indicated with an asterisk (*).',1);
INSERT INTO STEPDETAILS VALUES ('39',2,'bi40-IOP','Step 2','Cluster Parameters','Provide details about the cluster size','Please provide details about your cluster size. Required fields are indicated with an asterisk (*).',1);
INSERT INTO STEPDETAILS VALUES ('4',4,'bi-30','Step 4','Secure Hadoop','Secure Hadoop','Please provide details of your Secure Hadoop',1);
INSERT INTO STEPDETAILS VALUES ('40',3,'bi40-IOP','Step 3','Data Automation','Provide information about the object store','Please provide details of your data automation',1);
INSERT INTO STEPDETAILS VALUES ('41',4,'bi40-IOP','Step 4','Secure Hadoop','Secure Hadoop','Please provide details of your Secure Hadoop',0);
INSERT INTO STEPDETAILS VALUES ('42',6,'bi40-IOP','Step 6','Review Details','Review details','Please Review your details for {name} ~ Note: After the environment is created, click on the cluster name to view the password information.',1);
INSERT INTO STEPDETAILS VALUES ('43',5,'bi40-IOP','Step 5','Gateway Parameters','Dedicated VPN Gateway Parameters','Provide details about your dedicated VPN gateway. This step is optional. You may skip this step and enter the gateway parameters after the cluster is provisioned. Required fields are indicated with an asterisk (*).',1);
INSERT INTO STEPDETAILS VALUES ('45',1,'bi40-addons','Step 1','Cluster Description','Provide details about your cluster','Complete the fields below to describe your new {name} cluster. Required fields are indicated with an asterisk (*).',1);
INSERT INTO STEPDETAILS VALUES ('46',2,'bi40-addons','Step 2','Cluster Parameters','Provide details about the cluster size','Please provide details about your cluster size. Required fields are indicated with an asterisk (*).',1);
INSERT INTO STEPDETAILS VALUES ('47',3,'bi40-addons','Step 3','Data Automation','Provide information about the object store','Please provide details of your data automation',1);
INSERT INTO STEPDETAILS VALUES ('48',4,'bi40-addons','Step 4','Secure Hadoop','Secure Hadoop','Please provide details of your Secure Hadoop',0);
INSERT INTO STEPDETAILS VALUES ('49',6,'bi40-addons','Step 6','Review Details','Review details','Please Review your details for {name} ~ Note: After the environment is created, click on the cluster name to view the password information.',1);
INSERT INTO STEPDETAILS VALUES ('5',6,'bi-30','Step 6','Review Details','Review details','Please Review your details for {name} ~ Note: After the environment is created, click on the cluster name to view the password information.',1);
INSERT INTO STEPDETAILS VALUES ('51',1,'bi-qse','Step 1','Cluster Description','Provide details about your cluster','Complete the fields below to describe your new {name} cluster. Required fields are indicated with an asterisk (*).',1);
INSERT INTO STEPDETAILS VALUES ('52',2,'bi-qse','Step 2','Cluster Parameters','Provide details about the cluster size','Please provide details about your cluster size. Required fields are indicated with an asterisk (*).',1);
INSERT INTO STEPDETAILS VALUES ('53',3,'bi-qse','Step 3','Data Automation','Provide information about the object store','Please provide details of your data automation',1);
INSERT INTO STEPDETAILS VALUES ('54',4,'bi-qse','Step 4','Secure Hadoop','Secure Hadoop','Please provide details of your Secure Hadoop',0);
INSERT INTO STEPDETAILS VALUES ('55',5,'bi-qse','Step 5','Gateway Parameters','Dedicated VPN Gateway Parameters','Provide details about your dedicated VPN gateway. This step is optional. You may skip this step and enter the gateway parameters after the cluster is provisioned. Required fields are indicated with an asterisk (*).',1);
INSERT INTO STEPDETAILS VALUES ('56',6,'bi-qse','Step 6','Review Details','Review details','Please Review your details for {name} ~ Note: After the environment is created, click on the cluster name to view the password information.',1);
INSERT INTO STEPDETAILS VALUES ('57',5,'bi40-addons','Step 5','Gateway Parameters','Dedicated VPN Gateway Parameters','Provide details about your dedicated VPN gateway. This step is optional. You may skip this step and enter the gateway parameters after the cluster is provisioned. Required fields are indicated with an asterisk (*).',1);
INSERT INTO STEPDETAILS VALUES ('7',1,'hortonworks','Step 1','Cluster Description','Provide details about your cluster','Complete the fields below to describe your new {name} cluster. Required fields are indicated with an asterisk (*).',1);
INSERT INTO STEPDETAILS VALUES ('9',2,'hortonworks','Step 2','Cluster Parameters','Provide details about the cluster size','Please provide details about your cluster size. Required fields are indicated with an asterisk (*). ',1);

INSERT INTO FORMFIELDS VALUES ('1','1','clusterName','Cluster Name','1',0,NULL,'checkClusterName','Enter Cluster Name',NULL,1,1,0,NULL,0,64,0);
INSERT INTO FORMFIELDS VALUES ('10','3','DATA_IN_CONTAINER','Object Store Container','3',6,'Select Data Container','getContainersInLocation','Enter HDFS Object Store Container',NULL,1,1,1,NULL,0,0,0);
INSERT INTO FORMFIELDS VALUES ('101','25','VPN_IP_ADDRESS','Public IP address of your on-premise gateway','8',0,NULL,NULL,'Enter VPN Gateway IP Address',NULL,1,1,1,NULL,0,0,0);
INSERT INTO FORMFIELDS VALUES ('102','25','IKE_ENCRYPTION_ALG','Key-Exchange Encryption Algorithm','5',1,'AES-256 (recommended)',NULL,'AES-256','AES-256 (recommended)',1,1,1,NULL,0,0,0);
INSERT INTO FORMFIELDS VALUES ('103','25','IKE_ENCRYPTION_ALG','Key-Exchange Encryption Algorithm','5',3,'3DES',NULL,'3DES',NULL,1,1,1,NULL,0,0,0);
INSERT INTO FORMFIELDS VALUES ('104','25','IKE_HASH_ALG','Data Integrity Hash Algorithm','5',4,'SHA-1 (recommended)',NULL,'SHA-1','SHA-1 (recommended)',1,1,1,NULL,0,0,0);
INSERT INTO FORMFIELDS VALUES ('105','25','IKE_HASH_ALG','Data Integrity Hash Algorithm','5',5,'MD5',NULL,'MD5',NULL,1,1,1,NULL,0,0,0);
INSERT INTO FORMFIELDS VALUES ('106','25','IKE_ENCRYPTION_ALG','Key-Exchange Encryption Algorithm','5',2,'AES-128',NULL,'AES-128',NULL,1,1,1,NULL,0,0,0);
INSERT INTO FORMFIELDS VALUES ('107','25','IKE_DH_GROUP','Diffe-Hellman Group for IKE SA','5',6,'2',NULL,'2',NULL,1,1,1,NULL,0,0,0);
INSERT INTO FORMFIELDS VALUES ('108','25','IKE_DH_GROUP','Diffe-Hellman Group for IKE SA','5',7,'5',NULL,'5',NULL,1,1,1,NULL,0,0,0);
INSERT INTO FORMFIELDS VALUES ('109','25','AUTHENTICATION_MODE','Authentication Method','3',8,NULL,'authenticationMethods',NULL,NULL,1,1,1,NULL,0,0,0);
INSERT INTO FORMFIELDS VALUES ('11','3','DATA_IN_PATH','Object Store Path','1',7,NULL,NULL,'Enter the source path for your transfer. \r\n1) To transfer all content from the container, enter * \r\n2) To transfer a specific object from the container, enter objectname \r\n3) To transfer all objects from a folder or sub-folder within the container, enter folder/* or folder/subfolder/*, etc. \r\n4)To transfer a specific object from a folder or sub-folder, enter folder/objectname or folder/subfolder/objectname, etc.',NULL,1,1,1,NULL,0,0,0);
INSERT INTO FORMFIELDS VALUES ('110','25','IKE_KEY_LIFETIME','Lifetime of IKE SA','6',9,NULL,NULL,NULL,'3600',1,1,1,NULL,0,99999,30);
INSERT INTO FORMFIELDS VALUES ('111','25','CUST_SUBNETS','Customer Subnets','7',22,NULL,'subnets','Enter Subnet',NULL,1,1,1,NULL,0,0,0);
INSERT INTO FORMFIELDS VALUES ('112','25','ESP_ENCRYPTION_ALG','Encryption Algorithm for ESP','5',10,'AES-256 (recommended)',NULL,'AES-256','AES-256 (recommended)',1,1,1,NULL,0,0,0);
INSERT INTO FORMFIELDS VALUES ('113','25','ESP_ENCRYPTION_ALG','Encryption Algorithm for ESP','5',11,'AES-128',NULL,'AES-128',NULL,1,1,1,NULL,0,0,0);
INSERT INTO FORMFIELDS VALUES ('114','25','ESP_ENCRYPTION_ALG','Encryption Algorithm for ESP','5',12,'3DES',NULL,'3DES',NULL,1,1,1,NULL,0,0,0);
INSERT INTO FORMFIELDS VALUES ('115','25','ESP_HASH_ALG','Hash Algorithm for ESP','5',13,'SHA-1 (recommended)',NULL,'SHA-1','SHA-1 (recommended)',1,1,1,NULL,0,0,0);
INSERT INTO FORMFIELDS VALUES ('116','25','ESP_HASH_ALG','Hash Algorithm for ESP','5',14,'MD5',NULL,'MD5',NULL,1,1,1,NULL,0,0,0);
INSERT INTO FORMFIELDS VALUES ('117','25','ESP_KEY_LIFETIME','Key Lifetime for ESP (in seconds)','6',19,NULL,NULL,'Enter Key Lifetime for ESP','3600',1,1,1,NULL,0,99999,30);
INSERT INTO FORMFIELDS VALUES ('118','25','dedicatedVPN','Specify gateway parameters for this cluster?','4',0,'Yes','formFields/25','Select if dedicated VPN required',NULL,0,1,0,NULL,0,0,0);
INSERT INTO FORMFIELDS VALUES ('119','25','PRE_SHARED_SECRET','Pre-Shared Secret','1',21,NULL,NULL,'Enter Pre-Shared Secret',NULL,1,1,1,NULL,0,0,0);
INSERT INTO FORMFIELDS VALUES ('12','3','DATA_IN_DESTINATION','HDFS Directory','1',8,NULL,NULL,'Enter the target directory for your transfer.  A new directory will be created, and the transfer will go to this directory.  If you enter a slash (/) only, the transfer will go to the parent directory \r\n\r\nExamples:\r\n/\r\n/directoryname\r\n/directoryname/subdirectoryname',NULL,1,1,1,NULL,0,0,0);
INSERT INTO FORMFIELDS VALUES ('120','25','PRE_SHARED_SECRET_CHK','Generate Pre-Shared Secret','4',20,'Yes',NULL,'Select checkbox to generate Pre-Shared Secret Key otherwise enter existing Pre-Shared Secret Key in below box',NULL,0,1,1,NULL,0,0,0);
INSERT INTO FORMFIELDS VALUES ('121','26','VPN_IP_ADDRESS','Public IP address of your on-premise gateway','8',0,NULL,NULL,'Enter VPN Gateway IP Address',NULL,1,1,1,NULL,0,0,0);
INSERT INTO FORMFIELDS VALUES ('122','26','IKE_ENCRYPTION_ALG','Key-Exchange Encryption Algorithm','5',1,'AES-256 (recommended)',NULL,'AES-256','AES-256 (recommended)',1,1,1,NULL,0,0,0);
INSERT INTO FORMFIELDS VALUES ('123','26','IKE_ENCRYPTION_ALG','Key-Exchange Encryption Algorithm','5',3,'3DES',NULL,'3DES',NULL,1,1,1,NULL,0,0,0);
INSERT INTO FORMFIELDS VALUES ('124','26','IKE_HASH_ALG','Data Integrity Hash Algorithm','5',4,'SHA-1 (recommended)',NULL,'SHA-1','SHA-1 (recommended)',1,1,1,NULL,0,0,0);
INSERT INTO FORMFIELDS VALUES ('125','26','IKE_HASH_ALG','Data Integrity Hash Algorithm','5',5,'MD5',NULL,'MD5',NULL,1,1,1,NULL,0,0,0);
INSERT INTO FORMFIELDS VALUES ('126','26','IKE_ENCRYPTION_ALG','Key-Exchange Encryption Algorithm','5',2,'AES-128',NULL,'AES-128',NULL,1,1,1,NULL,0,0,0);
INSERT INTO FORMFIELDS VALUES ('127','26','IKE_DH_GROUP','Diffe-Hellman Group for IKE SA','5',6,'2',NULL,'2',NULL,1,1,1,NULL,0,0,0);
INSERT INTO FORMFIELDS VALUES ('128','26','IKE_DH_GROUP','Diffe-Hellman Group for IKE SA','5',7,'5',NULL,'5',NULL,1,1,1,NULL,0,0,0);
INSERT INTO FORMFIELDS VALUES ('129','26','AUTHENTICATION_MODE','Authentication Method','3',8,NULL,'authenticationMethods',NULL,NULL,1,1,1,NULL,0,0,0);
INSERT INTO FORMFIELDS VALUES ('13','4','USE_SDFS','Use Secure Hadoop with this cluster?','4',0,'Yes','formFields/4','Specify here whether you want to use Secure Hadoop Data Encryption with this cluster.','Yes',0,1,0,NULL,0,0,0);
INSERT INTO FORMFIELDS VALUES ('130','26','IKE_KEY_LIFETIME','Lifetime of IKE SA','6',9,NULL,NULL,NULL,'3600',1,1,1,NULL,0,99999,30);
INSERT INTO FORMFIELDS VALUES ('131','26','CUST_SUBNETS','Customer Subnets','7',22,NULL,'subnets','Enter Subnet',NULL,1,1,1,NULL,0,0,0);
INSERT INTO FORMFIELDS VALUES ('132','26','ESP_ENCRYPTION_ALG','Encryption Algorithm for ESP','5',10,'AES-256 (recommended)',NULL,'AES-256','AES-256 (recommended)',1,1,1,NULL,0,0,0);
INSERT INTO FORMFIELDS VALUES ('133','26','ESP_ENCRYPTION_ALG','Encryption Algorithm for ESP','5',11,'AES-128',NULL,'AES-128',NULL,1,1,1,NULL,0,0,0);
INSERT INTO FORMFIELDS VALUES ('134','26','ESP_ENCRYPTION_ALG','Encryption Algorithm for ESP','5',12,'3DES',NULL,'3DES',NULL,1,1,1,NULL,0,0,0);
INSERT INTO FORMFIELDS VALUES ('135','26','ESP_HASH_ALG','Hash Algorithm for ESP','5',13,'SHA-1 (recommended)',NULL,'SHA-1','SHA-1 (recommended)',1,1,1,NULL,0,0,0);
INSERT INTO FORMFIELDS VALUES ('136','26','ESP_HASH_ALG','Hash Algorithm for ESP','5',14,'MD5',NULL,'MD5',NULL,1,1,1,NULL,0,0,0);
INSERT INTO FORMFIELDS VALUES ('137','26','ESP_KEY_LIFETIME','Key Lifetime for ESP (in seconds)','6',19,NULL,NULL,'Enter Key Lifetime for ESP','3600',1,1,1,NULL,0,99999,30);
INSERT INTO FORMFIELDS VALUES ('138','26','dedicatedVPN','Specify gateway parameters for this cluster?','4',0,'Yes','formFields/26','Select if dedicated VPN required',NULL,0,1,0,NULL,0,0,0);
INSERT INTO FORMFIELDS VALUES ('139','26','PRE_SHARED_SECRET','Pre-Shared Secret','1',21,NULL,NULL,'Enter Pre-Shared Secret',NULL,1,1,1,NULL,0,0,0);
INSERT INTO FORMFIELDS VALUES ('14','4','SDFS_USERNAME','Object Storage Username','1',1,NULL,NULL,'To use Secure Hadoop Data Encryption with your Hadoop cluster, please provide the credentials for your Object Storage account.',NULL,1,1,1,NULL,0,0,0);
INSERT INTO FORMFIELDS VALUES ('140','26','PRE_SHARED_SECRET_CHK','Generate Pre-Shared Secret','4',20,'Yes',NULL,'Select checkbox to generate Pre-Shared Secret Key otherwise enter existing Pre-Shared Secret Key in below box',NULL,0,1,1,NULL,0,0,0);
INSERT INTO FORMFIELDS VALUES ('141','27','VPN_IP_ADDRESS','Public IP address of your on-premise gateway','8',0,NULL,NULL,'Enter VPN Gateway IP Address',NULL,1,1,1,NULL,0,0,0);
INSERT INTO FORMFIELDS VALUES ('142','27','IKE_ENCRYPTION_ALG','Key-Exchange Encryption Algorithm','5',1,'AES-256 (recommended)',NULL,'AES-256','AES-256 (recommended)',1,1,1,NULL,0,0,0);
INSERT INTO FORMFIELDS VALUES ('143','27','IKE_ENCRYPTION_ALG','Key-Exchange Encryption Algorithm','5',3,'3DES',NULL,'3DES',NULL,1,1,1,NULL,0,0,0);
INSERT INTO FORMFIELDS VALUES ('144','27','IKE_HASH_ALG','Data Integrity Hash Algorithm','5',4,'SHA-1 (recommended)',NULL,'SHA-1','SHA-1 (recommended)',1,1,1,NULL,0,0,0);
INSERT INTO FORMFIELDS VALUES ('145','27','IKE_HASH_ALG','Data Integrity Hash Algorithm','5',5,'MD5',NULL,'MD5',NULL,1,1,1,NULL,0,0,0);
INSERT INTO FORMFIELDS VALUES ('146','27','IKE_ENCRYPTION_ALG','Key-Exchange Encryption Algorithm','5',2,'AES-128',NULL,'AES-128',NULL,1,1,1,NULL,0,0,0);
INSERT INTO FORMFIELDS VALUES ('147','27','IKE_DH_GROUP','Diffe-Hellman Group for IKE SA','5',6,'2',NULL,'2',NULL,1,1,1,NULL,0,0,0);
INSERT INTO FORMFIELDS VALUES ('148','27','IKE_DH_GROUP','Diffe-Hellman Group for IKE SA','5',7,'5',NULL,'5',NULL,1,1,1,NULL,0,0,0);
INSERT INTO FORMFIELDS VALUES ('149','27','AUTHENTICATION_MODE','Authentication Method','3',8,NULL,'authenticationMethods',NULL,NULL,1,1,1,NULL,0,0,0);
INSERT INTO FORMFIELDS VALUES ('15','4','SDFS_APIKEY','Object Storage API Key','1',2,NULL,NULL,'To use Secure Hadoop Data Encryption with your Hadoop cluster, please provide the credentials for your Object Storage account.',NULL,1,1,1,NULL,0,0,0);
INSERT INTO FORMFIELDS VALUES ('150','27','IKE_KEY_LIFETIME','Lifetime of IKE SA','6',9,NULL,NULL,NULL,'3600',1,1,1,NULL,0,99999,30);
INSERT INTO FORMFIELDS VALUES ('151','27','CUST_SUBNETS','Customer Subnets','7',22,NULL,'subnets','Enter Subnet',NULL,1,1,1,NULL,0,0,0);
INSERT INTO FORMFIELDS VALUES ('152','27','ESP_ENCRYPTION_ALG','Encryption Algorithm for ESP','5',10,'AES-256 (recommended)',NULL,'AES-256','AES-256 (recommended)',1,1,1,NULL,0,0,0);
INSERT INTO FORMFIELDS VALUES ('153','27','ESP_ENCRYPTION_ALG','Encryption Algorithm for ESP','5',11,'AES-128',NULL,'AES-128',NULL,1,1,1,NULL,0,0,0);
INSERT INTO FORMFIELDS VALUES ('154','27','ESP_ENCRYPTION_ALG','Encryption Algorithm for ESP','5',12,'3DES',NULL,'3DES',NULL,1,1,1,NULL,0,0,0);
INSERT INTO FORMFIELDS VALUES ('155','27','ESP_HASH_ALG','Hash Algorithm for ESP','5',13,'SHA-1 (recommended)',NULL,'SHA-1','SHA-1 (recommended)',1,1,1,NULL,0,0,0);
INSERT INTO FORMFIELDS VALUES ('156','27','ESP_HASH_ALG','Hash Algorithm for ESP','5',14,'MD5',NULL,'MD5',NULL,1,1,1,NULL,0,0,0);
INSERT INTO FORMFIELDS VALUES ('157','27','ESP_KEY_LIFETIME','Key Lifetime for ESP (in seconds)','6',19,NULL,NULL,'Enter Key Lifetime for ESP','3600',1,1,1,NULL,0,99999,30);
INSERT INTO FORMFIELDS VALUES ('158','27','dedicatedVPN','Specify gateway parameters for this cluster?','4',0,'Yes','formFields/27','Select if dedicated VPN required',NULL,0,1,0,NULL,0,0,0);
INSERT INTO FORMFIELDS VALUES ('159','27','PRE_SHARED_SECRET','Pre-Shared Secret','1',21,NULL,NULL,'Enter Pre-Shared Secret',NULL,1,1,1,NULL,0,0,0);
INSERT INTO FORMFIELDS VALUES ('16','4','SDFS_LOCATION','Object Storage Datacenter Location','3',3,'Select Data Center','softLayerLocations',NULL,NULL,1,1,1,NULL,0,0,0);
INSERT INTO FORMFIELDS VALUES ('160','27','PRE_SHARED_SECRET_CHK','Generate Pre-Shared Secret','4',20,'Yes',NULL,'Select checkbox to generate Pre-Shared Secret Key otherwise enter existing Pre-Shared Secret Key in below box',NULL,0,1,1,NULL,0,0,0);
INSERT INTO FORMFIELDS VALUES ('161','30','DATA_IN_DESTINATION','HDFS Directory','1',8,'',NULL,'Enter the target directory for your transfer.  You may enter a new directory or an existing one.  A new directory will be created with the name you enter if it does not already exist. \r\n\r\nExamples: \r\n/directoryname \r\n/directoryname/subdirectoryname',NULL,1,1,1,NULL,0,0,0);
INSERT INTO FORMFIELDS VALUES ('162','30','transferDirection','Transfer Direction','5',1,'From Softlayer Object Storage',NULL,'Select Transfer Direction ','From Softlayer Object Storage',1,1,1,NULL,0,0,0);
INSERT INTO FORMFIELDS VALUES ('163','30','transferDirection','Transfer Direction','5',2,'To Softlayer Object Storage',NULL,'Select Transfer Direction ',NULL,1,1,1,NULL,0,0,0);
INSERT INTO FORMFIELDS VALUES ('164','30','DATA_IN_PATH','Object Store Path','1',7,NULL,NULL,'Enter the source path for your transfer. \r\n1) To transfer all content from the container, enter * \r\n2) To transfer a specific object from the container, enter objectname \r\n3) To transfer all objects from a folder or sub-folder within the container, enter folder/* or folder/subfolder/*, etc. \r\n4)To transfer a specific object from a folder or sub-folder, enter folder/objectname or folder/subfolder/objectname, etc.',NULL,1,1,1,NULL,0,0,0);
INSERT INTO FORMFIELDS VALUES ('165','31','DATA_IN_DESTINATION','HDFS Path','1',8,'',NULL,'Enter the source path for your transfer.  It is not recommended to specify a wildcard at the directory level if that directory contains any subdirectories.  Instead, specify the full path. \r\n\r\n1) To transfer all objects from a directory, enter /directory/* \r\n2) To transfer a specific object from a directory, enter /directory/objectname \r\n3) To transfer all objects from a subdirectory, enter /directory/subdirectory/* \r\n4) To transfer a specific object from a subdirectory, enter /directory/subdirectory/objectname',NULL,1,1,1,NULL,0,0,0);
INSERT INTO FORMFIELDS VALUES ('166','31','DATA_IN_PATH','Object Store Path','1',7,NULL,NULL,'Enter the source path for your transfer. \r\n\r\n1) To transfer directly to the container, enter / \r\n2) To transfer to a new directory, enter /newDirectoryName',NULL,1,1,1,NULL,0,0,0);
INSERT INTO FORMFIELDS VALUES ('167','32','DATA_IN_DESTINATION','HDFS Directory','1',8,'',NULL,'Enter the target directory for your transfer.  You may enter a new directory or an existing one.  A new directory will be created with the name you enter if it does not already exist. \r\n\r\nExamples: \r\n/directoryname \r\n/directoryname/subdirectoryname',NULL,1,1,1,NULL,0,0,0);
INSERT INTO FORMFIELDS VALUES ('168','32','transferDirection','Transfer Direction','5',1,'From Softlayer Object Storage',NULL,'Select Transfer Direction ','From Softlayer Object Storage',1,1,1,NULL,0,0,0);
INSERT INTO FORMFIELDS VALUES ('169','32','transferDirection','Transfer Direction','5',2,'To Softlayer Object Storage',NULL,'Select Transfer Direction ',NULL,1,1,1,NULL,0,0,0);
INSERT INTO FORMFIELDS VALUES ('170','32','DATA_IN_PATH','Object Store Path','1',7,NULL,NULL,'Enter the source path for your transfer. \r\n1) To transfer all content from the container, enter * \r\n2) To transfer a specific object from the container, enter objectname \r\n3) To transfer all objects from a folder or sub-folder within the container, enter folder/* or folder/subfolder/*, etc. \r\n4)To transfer a specific object from a folder or sub-folder, enter folder/objectname or folder/subfolder/objectname, etc.',NULL,1,1,1,NULL,0,0,0);
INSERT INTO FORMFIELDS VALUES ('171','33','DATA_IN_DESTINATION','HDFS Path','1',8,'',NULL,'Enter the source path for your transfer.  It is not recommended to specify a wildcard at the directory level if that directory contains any subdirectories.  Instead, specify the full path. \r\n\r\n1) To transfer all objects from a directory, enter /directory/* \r\n2) To transfer a specific object from a directory, enter /directory/objectname \r\n3) To transfer all objects from a subdirectory, enter /directory/subdirectory/* \r\n4) To transfer a specific object from a subdirectory, enter /directory/subdirectory/objectname',NULL,1,1,1,NULL,0,0,0);
INSERT INTO FORMFIELDS VALUES ('172','33','DATA_IN_PATH','Object Store Path','1',7,NULL,NULL,'Enter the source path for your transfer. \r\n\r\n1) To transfer directly to the container, enter / \r\n2) To transfer to a new directory, enter /newDirectoryName',NULL,1,1,1,NULL,0,0,0);
INSERT INTO FORMFIELDS VALUES ('173','34','DATA_IN_DESTINATION','HDFS Directory','1',8,'',NULL,'Enter the target directory for your transfer.  You may enter a new directory or an existing one.  A new directory will be created with the name you enter if it does not already exist. \r\n\r\nExamples: \r\n/directoryname \r\n/directoryname/subdirectoryname',NULL,1,1,1,NULL,0,0,0);
INSERT INTO FORMFIELDS VALUES ('174','34','transferDirection','Transfer Direction','5',1,'From Softlayer Object Storage',NULL,'Select Transfer Direction ','From Softlayer Object Storage',1,1,1,NULL,0,0,0);
INSERT INTO FORMFIELDS VALUES ('175','34','transferDirection','Transfer Direction','5',2,'To Softlayer Object Storage',NULL,'Select Transfer Direction ',NULL,1,1,1,NULL,0,0,0);
INSERT INTO FORMFIELDS VALUES ('176','34','DATA_IN_PATH','Object Store Path','1',7,NULL,NULL,'Enter the source path for your transfer. \r\n1) To transfer all content from the container, enter * \r\n2) To transfer a specific object from the container, enter objectname \r\n3) To transfer all objects from a folder or sub-folder within the container, enter folder/* or folder/subfolder/*, etc. \r\n4)To transfer a specific object from a folder or sub-folder, enter folder/objectname or folder/subfolder/objectname, etc.',NULL,1,1,1,NULL,0,0,0);
INSERT INTO FORMFIELDS VALUES ('177','35','DATA_IN_DESTINATION','HDFS Path','1',8,'',NULL,'Enter the source path for your transfer.  It is not recommended to specify a wildcard at the directory level if that directory contains any subdirectories.  Instead, specify the full path. \r\n\r\n1) To transfer all objects from a directory, enter /directory/* \r\n2) To transfer a specific object from a directory, enter /directory/objectname \r\n3) To transfer all objects from a subdirectory, enter /directory/subdirectory/* \r\n4) To transfer a specific object from a subdirectory, enter /directory/subdirectory/objectname',NULL,1,1,1,NULL,0,0,0);
INSERT INTO FORMFIELDS VALUES ('178','35','DATA_IN_PATH','Object Store Path','1',7,NULL,NULL,'Enter the source path for your transfer. \r\n\r\n1) To transfer directly to the container, enter / \r\n2) To transfer to a new directory, enter /newDirectoryName',NULL,1,1,1,NULL,0,0,0);
INSERT INTO FORMFIELDS VALUES ('179','36','DATA_IN_DESTINATION','HDFS Directory','1',8,'',NULL,'Enter the target directory for your transfer.  You may enter a new directory or an existing one.  A new directory will be created with the name you enter if it does not already exist. \r\n\r\nExamples: \r\n/directoryname \r\n/directoryname/subdirectoryname',NULL,1,1,1,NULL,0,0,0);
INSERT INTO FORMFIELDS VALUES ('180','36','transferDirection','Transfer Direction','5',1,'From Softlayer Object Storage',NULL,'Select Transfer Direction ','From Softlayer Object Storage',1,1,1,NULL,0,0,0);
INSERT INTO FORMFIELDS VALUES ('181','36','transferDirection','Transfer Direction','5',2,'To Softlayer Object Storage',NULL,'Select Transfer Direction ',NULL,1,1,1,NULL,0,0,0);
INSERT INTO FORMFIELDS VALUES ('182','36','DATA_IN_PATH','Object Store Path','1',7,NULL,NULL,'Enter the source path for your transfer. \r\n1) To transfer all content from the container, enter * \r\n2) To transfer a specific object from the container, enter objectname \r\n3) To transfer all objects from a folder or sub-folder within the container, enter folder/* or folder/subfolder/*, etc. \r\n4)To transfer a specific object from a folder or sub-folder, enter folder/objectname or folder/subfolder/objectname, etc.',NULL,1,1,1,NULL,0,0,0);
INSERT INTO FORMFIELDS VALUES ('183','37','DATA_IN_DESTINATION','HDFS Path','1',8,'',NULL,'Enter the source path for your transfer.  It is not recommended to specify a wildcard at the directory level if that directory contains any subdirectories.  Instead, specify the full path. \r\n\r\n1) To transfer all objects from a directory, enter /directory/* \r\n2) To transfer a specific object from a directory, enter /directory/objectname \r\n3) To transfer all objects from a subdirectory, enter /directory/subdirectory/* \r\n4) To transfer a specific object from a subdirectory, enter /directory/subdirectory/objectname',NULL,1,1,1,NULL,0,0,0);
INSERT INTO FORMFIELDS VALUES ('184','37','DATA_IN_PATH','Object Store Path','1',7,NULL,NULL,'Enter the source path for your transfer. \r\n\r\n1) To transfer directly to the container, enter / \r\n2) To transfer to a new directory, enter /newDirectoryName',NULL,1,1,1,NULL,0,0,0);
INSERT INTO FORMFIELDS VALUES ('191','57','VPN_IP_ADDRESS','Public IP address of your on-premise gateway','8',0,NULL,NULL,'Enter VPN Gateway IP Address',NULL,1,1,1,NULL,0,0,0);
INSERT INTO FORMFIELDS VALUES ('192','57','IKE_ENCRYPTION_ALG','Key-Exchange Encryption Algorithm','5',1,'AES-256 (recommended)',NULL,'AES-256','AES-256 (recommended)',1,1,1,NULL,0,0,0);
INSERT INTO FORMFIELDS VALUES ('193','57','IKE_ENCRYPTION_ALG','Key-Exchange Encryption Algorithm','5',3,'3DES',NULL,'3DES',NULL,1,1,1,NULL,0,0,0);
INSERT INTO FORMFIELDS VALUES ('194','57','IKE_HASH_ALG','Data Integrity Hash Algorithm','5',4,'SHA-1 (recommended)',NULL,'SHA-1','SHA-1 (recommended)',1,1,1,NULL,0,0,0);
INSERT INTO FORMFIELDS VALUES ('195','57','IKE_HASH_ALG','Data Integrity Hash Algorithm','5',5,'MD5',NULL,'MD5',NULL,1,1,1,NULL,0,0,0);
INSERT INTO FORMFIELDS VALUES ('196','57','IKE_ENCRYPTION_ALG','Key-Exchange Encryption Algorithm','5',2,'AES-128',NULL,'AES-128',NULL,1,1,1,NULL,0,0,0);
INSERT INTO FORMFIELDS VALUES ('197','57','IKE_DH_GROUP','Diffe-Hellman Group for IKE SA','5',6,'2',NULL,'2',NULL,1,1,1,NULL,0,0,0);
INSERT INTO FORMFIELDS VALUES ('198','57','IKE_DH_GROUP','Diffe-Hellman Group for IKE SA','5',7,'5',NULL,'5',NULL,1,1,1,NULL,0,0,0);
INSERT INTO FORMFIELDS VALUES ('199','57','AUTHENTICATION_MODE','Authentication Method','3',8,NULL,'authenticationMethods',NULL,NULL,1,1,1,NULL,0,0,0);
INSERT INTO FORMFIELDS VALUES ('2','1','clusterDescription','Cluster Description','2',1,NULL,NULL,'Enter Cluster Description',NULL,1,1,0,NULL,0,0,0);
INSERT INTO FORMFIELDS VALUES ('200','57','IKE_KEY_LIFETIME','Lifetime of IKE SA','6',9,NULL,NULL,NULL,'3600',1,1,1,NULL,0,99999,30);
INSERT INTO FORMFIELDS VALUES ('201','57','CUST_SUBNETS','Customer Subnets','7',22,NULL,'subnets','Enter Subnet',NULL,1,1,1,NULL,0,0,0);
INSERT INTO FORMFIELDS VALUES ('202','57','ESP_ENCRYPTION_ALG','Encryption Algorithm for ESP','5',10,'AES-256 (recommended)',NULL,'AES-256','AES-256 (recommended)',1,1,1,NULL,0,0,0);
INSERT INTO FORMFIELDS VALUES ('203','57','ESP_ENCRYPTION_ALG','Encryption Algorithm for ESP','5',11,'AES-128',NULL,'AES-128',NULL,1,1,1,NULL,0,0,0);
INSERT INTO FORMFIELDS VALUES ('204','57','ESP_ENCRYPTION_ALG','Encryption Algorithm for ESP','5',12,'3DES',NULL,'3DES',NULL,1,1,1,NULL,0,0,0);
INSERT INTO FORMFIELDS VALUES ('205','57','ESP_HASH_ALG','Hash Algorithm for ESP','5',13,'SHA-1 (recommended)',NULL,'SHA-1','SHA-1 (recommended)',1,1,1,NULL,0,0,0);
INSERT INTO FORMFIELDS VALUES ('206','57','ESP_HASH_ALG','Hash Algorithm for ESP','5',14,'MD5',NULL,'MD5',NULL,1,1,1,NULL,0,0,0);
INSERT INTO FORMFIELDS VALUES ('207','57','ESP_KEY_LIFETIME','Key Lifetime for ESP (in seconds)','6',19,NULL,NULL,'Enter Key Lifetime for ESP','3600',1,1,1,NULL,0,99999,30);
INSERT INTO FORMFIELDS VALUES ('208','57','dedicatedVPN','Specify gateway parameters for this cluster?','4',0,'Yes','formFields/57','Select if dedicated VPN required',NULL,0,1,0,NULL,0,0,0);
INSERT INTO FORMFIELDS VALUES ('209','57','PRE_SHARED_SECRET','Pre-Shared Secret','1',21,NULL,NULL,'Enter Pre-Shared Secret',NULL,1,1,1,NULL,0,0,0);
INSERT INTO FORMFIELDS VALUES ('210','57','PRE_SHARED_SECRET_CHK','Generate Pre-Shared Secret','4',20,'Yes',NULL,'Select checkbox to generate Pre-Shared Secret Key otherwise enter existing Pre-Shared Secret Key in below box',NULL,0,1,1,NULL,0,0,0);
INSERT INTO FORMFIELDS VALUES ('212','38','clusterName','Cluster Name','1',0,NULL,'checkClusterName','Enter Cluster Name',NULL,1,1,0,NULL,0,64,0);
INSERT INTO FORMFIELDS VALUES ('213','38','clusterDescription','Cluster Description','2',1,NULL,NULL,'Enter Cluster Description',NULL,1,1,0,NULL,0,0,0);
INSERT INTO FORMFIELDS VALUES ('214','40','importData','Import Data to HDFS','3',0,'No','dataCenters','Select Datacenter','No',1,1,0,NULL,0,0,0);
INSERT INTO FORMFIELDS VALUES ('215','40','DATA_IN_USERNAME','Object store username','1',3,NULL,NULL,'Object store username',NULL,1,1,1,NULL,0,0,0);
INSERT INTO FORMFIELDS VALUES ('216','40','DATA_IN_APIKEY','Object store API key','1',4,NULL,NULL,'Specify the API key of the object store account',NULL,1,1,1,NULL,0,0,0);
INSERT INTO FORMFIELDS VALUES ('217','40','DATA_IN_LOCATION','Data Center','3',5,'Select Data Center','softLayerLocations',NULL,NULL,1,1,1,NULL,0,0,0);
INSERT INTO FORMFIELDS VALUES ('218','40','DATA_IN_CONTAINER','Object Store Container','3',6,'Select Data Container','getContainersInLocation','Enter HDFS Object Store Container',NULL,1,1,1,NULL,0,0,0);
INSERT INTO FORMFIELDS VALUES ('219','40','DATA_IN_PATH','Object Store Path','1',7,NULL,NULL,'Enter the source path for your transfer. \r\n1) To transfer all content from the container, enter * \r\n2) To transfer a specific object from the container, enter objectname \r\n3) To transfer all objects from a folder or sub-folder within the container, enter folder/* or folder/subfolder/*, etc. \r\n4)To transfer a specific object from a folder or sub-folder, enter folder/objectname or folder/subfolder/objectname, etc.',NULL,1,1,1,NULL,0,0,0);
INSERT INTO FORMFIELDS VALUES ('220','40','DATA_IN_DESTINATION','HDFS Directory','1',8,NULL,NULL,'Enter the target directory for your transfer.  A new directory will be created, and the transfer will go to this directory.  If you enter a slash (/) only, the transfer will go to the parent directory \r\n\r\nExamples:\r\n/\r\n/directoryname\r\n/directoryname/subdirectoryname',NULL,1,1,1,NULL,0,0,0);
INSERT INTO FORMFIELDS VALUES ('221','41','USE_SDFS','Use Secure Hadoop with this cluster?','4',0,'Yes','formFields/41','Specify here whether you want to use Secure Hadoop Data Encryption with this cluster.','Yes',0,1,0,NULL,0,0,0);
INSERT INTO FORMFIELDS VALUES ('222','41','SDFS_USERNAME','Object Storage Username','1',1,NULL,NULL,'To use Secure Hadoop Data Encryption with your Hadoop cluster, please provide the credentials for your Object Storage account.',NULL,1,1,1,NULL,0,0,0);
INSERT INTO FORMFIELDS VALUES ('223','41','SDFS_APIKEY','Object Storage API Key','1',2,NULL,NULL,'To use Secure Hadoop Data Encryption with your Hadoop cluster, please provide the credentials for your Object Storage account.',NULL,1,1,1,NULL,0,0,0);
INSERT INTO FORMFIELDS VALUES ('224','41','SDFS_LOCATION','Object Storage Datacenter Location','3',3,'Select Data Center','softLayerLocations',NULL,NULL,1,1,1,NULL,0,0,0);
INSERT INTO FORMFIELDS VALUES ('225','39','dataNode','Data Nodes','6',1,'','nodes','This cluster allows you to have from 1 up to n-1 data nodes where n is the quota for your cluster. Click on Info Icon to learn more about Data Nodes.','Select',1,1,0,'A data node runs compute services like Data Node, HBase Region Server, Task Tracker etc. Data nodes provide all of their local storage to HDFS.',1,0,0);
INSERT INTO FORMFIELDS VALUES ('226','39','masterNode','Master Node','1',0,'1',NULL,'This cluster requires 1 and only 1 master node. Click on Info Icon to learn more about Master Nodes.','1',1,1,0,'A master node runs management services like Admin Console, NameNode, Secondary NameNode, JobTracker, HCatalog, etc. If the cluster has / provides access to the Internet, the master node is provisioned with a public interface.',1,0,0);
INSERT INTO FORMFIELDS VALUES ('227','39','nodeConfiguration','Show / Hide node configuration','7',3,NULL,'nodeConfigurations','Show / Hide node configuration',NULL,1,1,0,NULL,0,0,0);
INSERT INTO FORMFIELDS VALUES ('228','39','cpeLocationName','Cluster Location','3',4,NULL,'cpeLocations','Select Cluster Location',NULL,1,1,0,NULL,0,0,0);
INSERT INTO FORMFIELDS VALUES ('231','43','VPN_IP_ADDRESS','Public IP address of your on-premise gateway','8',0,NULL,NULL,'Enter VPN Gateway IP Address',NULL,1,1,1,NULL,0,0,0);
INSERT INTO FORMFIELDS VALUES ('232','43','IKE_ENCRYPTION_ALG','Key-Exchange Encryption Algorithm','5',1,'AES-256 (recommended)',NULL,'AES-256','AES-256 (recommended)',1,1,1,NULL,0,0,0);
INSERT INTO FORMFIELDS VALUES ('233','43','IKE_ENCRYPTION_ALG','Key-Exchange Encryption Algorithm','5',3,'3DES',NULL,'3DES',NULL,1,1,1,NULL,0,0,0);
INSERT INTO FORMFIELDS VALUES ('234','43','IKE_HASH_ALG','Data Integrity Hash Algorithm','5',4,'SHA-1 (recommended)',NULL,'SHA-1','SHA-1 (recommended)',1,1,1,NULL,0,0,0);
INSERT INTO FORMFIELDS VALUES ('235','43','IKE_HASH_ALG','Data Integrity Hash Algorithm','5',5,'MD5',NULL,'MD5',NULL,1,1,1,NULL,0,0,0);
INSERT INTO FORMFIELDS VALUES ('236','43','IKE_ENCRYPTION_ALG','Key-Exchange Encryption Algorithm','5',2,'AES-128',NULL,'AES-128',NULL,1,1,1,NULL,0,0,0);
INSERT INTO FORMFIELDS VALUES ('237','43','IKE_DH_GROUP','Diffe-Hellman Group for IKE SA','5',6,'2',NULL,'2',NULL,1,1,1,NULL,0,0,0);
INSERT INTO FORMFIELDS VALUES ('238','43','IKE_DH_GROUP','Diffe-Hellman Group for IKE SA','5',7,'5',NULL,'5',NULL,1,1,1,NULL,0,0,0);
INSERT INTO FORMFIELDS VALUES ('239','43','AUTHENTICATION_MODE','Authentication Method','3',8,NULL,'authenticationMethods',NULL,NULL,1,1,1,NULL,0,0,0);
INSERT INTO FORMFIELDS VALUES ('240','43','IKE_KEY_LIFETIME','Lifetime of IKE SA','6',9,NULL,NULL,NULL,'3600',1,1,1,NULL,0,99999,30);
INSERT INTO FORMFIELDS VALUES ('241','43','CUST_SUBNETS','Customer Subnets','7',22,NULL,'subnets','Enter Subnet',NULL,1,1,1,NULL,0,0,0);
INSERT INTO FORMFIELDS VALUES ('242','43','ESP_ENCRYPTION_ALG','Encryption Algorithm for ESP','5',10,'AES-256 (recommended)',NULL,'AES-256','AES-256 (recommended)',1,1,1,NULL,0,0,0);
INSERT INTO FORMFIELDS VALUES ('243','43','ESP_ENCRYPTION_ALG','Encryption Algorithm for ESP','5',11,'AES-128',NULL,'AES-128',NULL,1,1,1,NULL,0,0,0);
INSERT INTO FORMFIELDS VALUES ('244','43','ESP_ENCRYPTION_ALG','Encryption Algorithm for ESP','5',12,'3DES',NULL,'3DES',NULL,1,1,1,NULL,0,0,0);
INSERT INTO FORMFIELDS VALUES ('245','43','ESP_HASH_ALG','Hash Algorithm for ESP','5',13,'SHA-1 (recommended)',NULL,'SHA-1','SHA-1 (recommended)',1,1,1,NULL,0,0,0);
INSERT INTO FORMFIELDS VALUES ('246','43','ESP_HASH_ALG','Hash Algorithm for ESP','5',14,'MD5',NULL,'MD5',NULL,1,1,1,NULL,0,0,0);
INSERT INTO FORMFIELDS VALUES ('247','43','ESP_KEY_LIFETIME','Key Lifetime for ESP (in seconds)','6',19,NULL,NULL,'Enter Key Lifetime for ESP','3600',1,1,1,NULL,0,99999,30);
INSERT INTO FORMFIELDS VALUES ('248','43','dedicatedVPN','Specify gateway parameters for this cluster?','4',0,'Yes','formFields/43','Select if dedicated VPN required',NULL,0,1,0,NULL,0,0,0);
INSERT INTO FORMFIELDS VALUES ('249','43','PRE_SHARED_SECRET','Pre-Shared Secret','1',21,NULL,NULL,'Enter Pre-Shared Secret',NULL,1,1,1,NULL,0,0,0);
INSERT INTO FORMFIELDS VALUES ('25','7','clusterName','Cluster Name','1',0,NULL,'checkClusterName','Enter Cluster Name',NULL,1,1,0,NULL,0,64,0);
INSERT INTO FORMFIELDS VALUES ('250','43','PRE_SHARED_SECRET_CHK','Generate Pre-Shared Secret','4',20,'Yes',NULL,'Select checkbox to generate Pre-Shared Secret Key otherwise enter existing Pre-Shared Secret Key in below box',NULL,0,1,1,NULL,0,0,0);
INSERT INTO FORMFIELDS VALUES ('252','45','clusterName','Cluster Name','1',0,NULL,'checkClusterName','Enter Cluster Name',NULL,1,1,0,NULL,0,64,0);
INSERT INTO FORMFIELDS VALUES ('253','45','clusterDescription','Cluster Description','2',1,NULL,NULL,'Enter Cluster Description',NULL,1,1,0,NULL,0,0,0);
INSERT INTO FORMFIELDS VALUES ('254','47','importData','Import Data to HDFS','3',0,'No','dataCenters','Select Datacenter','No',1,1,0,NULL,0,0,0);
INSERT INTO FORMFIELDS VALUES ('255','47','DATA_IN_USERNAME','Object store username','1',3,NULL,NULL,'Object store username',NULL,1,1,1,NULL,0,0,0);
INSERT INTO FORMFIELDS VALUES ('256','47','DATA_IN_APIKEY','Object store API key','1',4,NULL,NULL,'Specify the API key of the object store account',NULL,1,1,1,NULL,0,0,0);
INSERT INTO FORMFIELDS VALUES ('257','47','DATA_IN_LOCATION','Data Center','3',5,'Select Data Center','softLayerLocations',NULL,NULL,1,1,1,NULL,0,0,0);
INSERT INTO FORMFIELDS VALUES ('258','47','DATA_IN_CONTAINER','Object Store Container','3',6,'Select Data Container','getContainersInLocation','Enter HDFS Object Store Container',NULL,1,1,1,NULL,0,0,0);
INSERT INTO FORMFIELDS VALUES ('259','47','DATA_IN_PATH','Object Store Path','1',7,NULL,NULL,'Enter the source path for your transfer. \r\n1) To transfer all content from the container, enter * \r\n2) To transfer a specific object from the container, enter objectname \r\n3) To transfer all objects from a folder or sub-folder within the container, enter folder/* or folder/subfolder/*, etc. \r\n4)To transfer a specific object from a folder or sub-folder, enter folder/objectname or folder/subfolder/objectname, etc.',NULL,1,1,1,NULL,0,0,0);
INSERT INTO FORMFIELDS VALUES ('26','7','clusterDescription','Cluster Description','2',1,NULL,NULL,'Enter Cluster Description',NULL,1,1,0,NULL,0,0,0);
INSERT INTO FORMFIELDS VALUES ('260','47','DATA_IN_DESTINATION','HDFS Directory','1',8,NULL,NULL,'Enter the target directory for your transfer.  A new directory will be created, and the transfer will go to this directory.  If you enter a slash (/) only, the transfer will go to the parent directory \r\n\r\nExamples:\r\n/\r\n/directoryname\r\n/directoryname/subdirectoryname',NULL,1,1,1,NULL,0,0,0);
INSERT INTO FORMFIELDS VALUES ('261','48','USE_SDFS','Use Secure Hadoop with this cluster?','4',0,'Yes','formFields/48','Specify here whether you want to use Secure Hadoop Data Encryption with this cluster.','Yes',0,1,0,NULL,0,0,0);
INSERT INTO FORMFIELDS VALUES ('262','48','SDFS_USERNAME','Object Storage Username','1',1,NULL,NULL,'To use Secure Hadoop Data Encryption with your Hadoop cluster, please provide the credentials for your Object Storage account.',NULL,1,1,1,NULL,0,0,0);
INSERT INTO FORMFIELDS VALUES ('263','48','SDFS_APIKEY','Object Storage API Key','1',2,NULL,NULL,'To use Secure Hadoop Data Encryption with your Hadoop cluster, please provide the credentials for your Object Storage account.',NULL,1,1,1,NULL,0,0,0);
INSERT INTO FORMFIELDS VALUES ('264','48','SDFS_LOCATION','Object Storage Datacenter Location','3',3,'Select Data Center','softLayerLocations',NULL,NULL,1,1,1,NULL,0,0,0);
INSERT INTO FORMFIELDS VALUES ('265','46','dataNode','Data Nodes','6',1,'','nodes','This cluster allows you to have from 1 up to n-1 data nodes where n is the quota for your cluster. Click on Info Icon to learn more about Data Nodes.','Select',1,1,0,'A data node runs compute services like Data Node, HBase Region Server, Task Tracker etc. Data nodes provide all of their local storage to HDFS.',1,0,0);
INSERT INTO FORMFIELDS VALUES ('266','46','masterNode','Master Node','1',0,'1',NULL,'This cluster requires 1 and only 1 master node. Click on Info Icon to learn more about Master Nodes.','1',1,1,0,'A master node runs management services like Admin Console, NameNode, Secondary NameNode, JobTracker, HCatalog, etc. If the cluster has / provides access to the Internet, the master node is provisioned with a public interface.',1,0,0);
INSERT INTO FORMFIELDS VALUES ('267','46','nodeConfiguration','Show / Hide node configuration','7',3,NULL,'nodeConfigurations','Show / Hide node configuration',NULL,1,1,0,NULL,0,0,0);
INSERT INTO FORMFIELDS VALUES ('268','46','cpeLocationName','Cluster Location','3',4,NULL,'cpeLocations','Select Cluster Location',NULL,1,1,0,NULL,0,0,0);
INSERT INTO FORMFIELDS VALUES ('27','10','importData','Import Data to HDFS','3',0,'No','dataCenters','Select Datacenter','No',1,1,0,NULL,0,0,0);
INSERT INTO FORMFIELDS VALUES ('270','51','clusterName','Cluster Name','1',0,NULL,'checkClusterName','Enter Cluster Name',NULL,1,1,0,NULL,0,64,0);
INSERT INTO FORMFIELDS VALUES ('271','53','DATA_IN_PATH','Object Store Path','1',7,NULL,NULL,'Enter the source path for your transfer. \r\n1) To transfer all content from the container, enter * \r\n2) To transfer a specific object from the container, enter objectname \r\n3) To transfer all objects from a folder or sub-folder within the container, enter folder/* or folder/subfolder/*, etc. \r\n4)To transfer a specific object from a folder or sub-folder, enter folder/objectname or folder/subfolder/objectname, etc.',NULL,1,1,1,NULL,0,0,0);
INSERT INTO FORMFIELDS VALUES ('272','53','DATA_IN_DESTINATION','HDFS Directory','1',8,NULL,NULL,'Enter the target directory for your transfer.  A new directory will be created, and the transfer will go to this directory.  If you enter a slash (/) only, the transfer will go to the parent directory \r\n\r\nExamples:\r\n/\r\n/directoryname\r\n/directoryname/subdirectoryname',NULL,1,1,1,NULL,0,0,0);
INSERT INTO FORMFIELDS VALUES ('273','55','VPN_IP_ADDRESS','Public IP address of your on-premise gateway','8',0,NULL,NULL,'Enter VPN Gateway IP Address',NULL,1,1,1,NULL,0,0,0);
INSERT INTO FORMFIELDS VALUES ('274','55','IKE_ENCRYPTION_ALG','Key-Exchange Encryption Algorithm','5',1,'AES-256 (recommended)',NULL,'AES-256','AES-256 (recommended)',1,1,1,NULL,0,0,0);
INSERT INTO FORMFIELDS VALUES ('275','55','IKE_ENCRYPTION_ALG','Key-Exchange Encryption Algorithm','5',3,'3DES',NULL,'3DES',NULL,1,1,1,NULL,0,0,0);
INSERT INTO FORMFIELDS VALUES ('276','55','IKE_HASH_ALG','Data Integrity Hash Algorithm','5',4,'SHA-1 (recommended)',NULL,'SHA-1','SHA-1 (recommended)',1,1,1,NULL,0,0,0);
INSERT INTO FORMFIELDS VALUES ('277','55','IKE_HASH_ALG','Data Integrity Hash Algorithm','5',5,'MD5',NULL,'MD5',NULL,1,1,1,NULL,0,0,0);
INSERT INTO FORMFIELDS VALUES ('278','55','IKE_ENCRYPTION_ALG','Key-Exchange Encryption Algorithm','5',2,'AES-128',NULL,'AES-128',NULL,1,1,1,NULL,0,0,0);
INSERT INTO FORMFIELDS VALUES ('279','55','IKE_DH_GROUP','Diffe-Hellman Group for IKE SA','5',6,'2',NULL,'2',NULL,1,1,1,NULL,0,0,0);
INSERT INTO FORMFIELDS VALUES ('28','10','DATA_IN_USERNAME','Object store username','1',3,NULL,NULL,'Object store username',NULL,1,1,1,NULL,0,0,0);
INSERT INTO FORMFIELDS VALUES ('280','55','IKE_DH_GROUP','Diffe-Hellman Group for IKE SA','5',7,'5',NULL,'5',NULL,1,1,1,NULL,0,0,0);
INSERT INTO FORMFIELDS VALUES ('281','55','AUTHENTICATION_MODE','Authentication Method','3',8,NULL,'authenticationMethods',NULL,NULL,1,1,1,NULL,0,0,0);
INSERT INTO FORMFIELDS VALUES ('282','54','USE_SDFS','Use Secure Hadoop with this cluster?','4',0,'Yes','formFields/54','Specify here whether you want to use Secure Hadoop Data Encryption with this cluster.','Yes',0,1,0,NULL,0,0,0);
INSERT INTO FORMFIELDS VALUES ('283','55','IKE_KEY_LIFETIME','Lifetime of IKE SA','6',9,NULL,NULL,NULL,'3600',1,1,1,NULL,0,99999,30);
INSERT INTO FORMFIELDS VALUES ('284','55','CUST_SUBNETS','Customer Subnets','7',22,NULL,'subnets','Enter Subnet',NULL,1,1,1,NULL,0,0,0);
INSERT INTO FORMFIELDS VALUES ('285','55','ESP_ENCRYPTION_ALG','Encryption Algorithm for ESP','5',10,'AES-256 (recommended)',NULL,'AES-256','AES-256 (recommended)',1,1,1,NULL,0,0,0);
INSERT INTO FORMFIELDS VALUES ('286','55','ESP_ENCRYPTION_ALG','Encryption Algorithm for ESP','5',11,'AES-128',NULL,'AES-128',NULL,1,1,1,NULL,0,0,0);
INSERT INTO FORMFIELDS VALUES ('287','55','ESP_ENCRYPTION_ALG','Encryption Algorithm for ESP','5',12,'3DES',NULL,'3DES',NULL,1,1,1,NULL,0,0,0);
INSERT INTO FORMFIELDS VALUES ('288','55','ESP_HASH_ALG','Hash Algorithm for ESP','5',13,'SHA-1 (recommended)',NULL,'SHA-1','SHA-1 (recommended)',1,1,1,NULL,0,0,0);
INSERT INTO FORMFIELDS VALUES ('289','55','ESP_HASH_ALG','Hash Algorithm for ESP','5',14,'MD5',NULL,'MD5',NULL,1,1,1,NULL,0,0,0);
INSERT INTO FORMFIELDS VALUES ('29','10','DATA_IN_APIKEY','Object store API key','1',4,NULL,NULL,'Specify the API key of the object store account',NULL,1,1,1,NULL,0,0,0);
INSERT INTO FORMFIELDS VALUES ('290','55','ESP_KEY_LIFETIME','Key Lifetime for ESP (in seconds)','6',19,NULL,NULL,'Enter Key Lifetime for ESP','3600',1,1,1,NULL,0,99999,30);
INSERT INTO FORMFIELDS VALUES ('291','55','dedicatedVPN','Specify gateway parameters for this cluster?','4',0,'Yes','formFields/55','Select if dedicated VPN required',NULL,0,1,0,NULL,0,0,0);
INSERT INTO FORMFIELDS VALUES ('292','55','PRE_SHARED_SECRET','Pre-Shared Secret','1',21,NULL,NULL,'Enter Pre-Shared Secret',NULL,1,1,1,NULL,0,0,0);
INSERT INTO FORMFIELDS VALUES ('293','54','SDFS_USERNAME','Object Storage Username','1',1,NULL,NULL,'To use Secure Hadoop Data Encryption with your Hadoop cluster, please provide the credentials for your Object Storage account.',NULL,1,1,1,NULL,0,0,0);
INSERT INTO FORMFIELDS VALUES ('294','55','PRE_SHARED_SECRET_CHK','Generate Pre-Shared Secret','4',20,'Yes',NULL,'Select checkbox to generate Pre-Shared Secret Key otherwise enter existing Pre-Shared Secret Key in below box',NULL,0,1,1,NULL,0,0,0);
INSERT INTO FORMFIELDS VALUES ('296','54','SDFS_LOCATION','Object Storage Datacenter Location','3',3,'Select Data Center','softLayerLocations',NULL,NULL,1,1,1,NULL,0,0,0);
INSERT INTO FORMFIELDS VALUES ('297','51','clusterDescription','Cluster Description','2',1,NULL,NULL,'Enter Cluster Description',NULL,1,1,0,NULL,0,0,0);
INSERT INTO FORMFIELDS VALUES ('298','53','importData','Import Data to HDFS','3',0,'No','dataCenters','Select Datacenter','No',1,1,0,NULL,0,0,0);
INSERT INTO FORMFIELDS VALUES ('299','53','DATA_IN_USERNAME','Object store username','1',3,NULL,NULL,'Object store username',NULL,1,1,1,NULL,0,0,0);
INSERT INTO FORMFIELDS VALUES ('300','53','DATA_IN_APIKEY','Object store API key','1',4,NULL,NULL,'Specify the API key of the object store account',NULL,1,1,1,NULL,0,0,0);
INSERT INTO FORMFIELDS VALUES ('301','52','dataNode','Data Nodes','6',1,'','nodes','This cluster allows you to have from 1 up to n-1 data nodes where n is the quota for your cluster. Click on Info Icon to learn more about Data Nodes.','Select',1,1,0,'A data node runs compute services like Data Node, HBase Region Server, Task Tracker etc. Data nodes provide all of their local storage to HDFS.',1,0,0);
INSERT INTO FORMFIELDS VALUES ('302','52','masterNode','Master Node','1',0,'1',NULL,'This cluster requires 1 and only 1 master node. Click on Info Icon to learn more about Master Nodes.','1',1,1,0,'A master node runs management services like Admin Console, NameNode, Secondary NameNode, JobTracker, HCatalog, etc. If the cluster has / provides access to the Internet, the master node is provisioned with a public interface.',1,0,0);
INSERT INTO FORMFIELDS VALUES ('303','52','nodeConfiguration','Show / Hide node configuration','7',3,NULL,'nodeConfigurations','Show / Hide node configuration',NULL,1,1,0,NULL,0,0,0);
INSERT INTO FORMFIELDS VALUES ('304','53','DATA_IN_LOCATION','Data Center','3',5,'Select Data Center','softLayerLocations',NULL,NULL,1,1,1,NULL,0,0,0);
INSERT INTO FORMFIELDS VALUES ('305','52','cpeLocationName','Cluster Location','3',4,NULL,'cpeLocations','Select Cluster Location',NULL,1,1,0,NULL,0,0,0);
INSERT INTO FORMFIELDS VALUES ('306','53','DATA_IN_CONTAINER','Object Store Container','3',6,'Select Data Container','getContainersInLocation','Enter HDFS Object Store Container',NULL,1,1,1,NULL,0,0,0);
INSERT INTO FORMFIELDS VALUES ('308','54','SDFS_APIKEY','Object Storage API Key','1',2,NULL,NULL,'To use Secure Hadoop Data Encryption with your Hadoop cluster, please provide the credentials for your Object Storage account.',NULL,1,1,1,NULL,0,0,0);
INSERT INTO FORMFIELDS VALUES ('309','60','DATA_IN_DESTINATION','HDFS Directory','1',8,'',NULL,'Enter the target directory for your transfer.  You may enter a new directory or an existing one.  A new directory will be created with the name you enter if it does not already exist. \r\n\r\nExamples: \r\n/directoryname \r\n/directoryname/subdirectoryname',NULL,1,1,1,NULL,0,0,0);
INSERT INTO FORMFIELDS VALUES ('310','60','transferDirection','Transfer Direction','5',1,'From Softlayer Object Storage',NULL,'Select Transfer Direction ','From Softlayer Object Storage',1,1,1,NULL,0,0,0);
INSERT INTO FORMFIELDS VALUES ('311','60','transferDirection','Transfer Direction','5',2,'To Softlayer Object Storage',NULL,'Select Transfer Direction ',NULL,1,1,1,NULL,0,0,0);
INSERT INTO FORMFIELDS VALUES ('312','60','DATA_IN_PATH','Object Store Path','1',7,NULL,NULL,'Enter the source path for your transfer. \r\n1) To transfer all content from the container, enter * \r\n2) To transfer a specific object from the container, enter objectname \r\n3) To transfer all objects from a folder or sub-folder within the container, enter folder/* or folder/subfolder/*, etc. \r\n4)To transfer a specific object from a folder or sub-folder, enter folder/objectname or folder/subfolder/objectname, etc.',NULL,1,1,1,NULL,0,0,0);
INSERT INTO FORMFIELDS VALUES ('313','61','DATA_IN_DESTINATION','HDFS Path','1',8,'',NULL,'Enter the source path for your transfer.  It is not recommended to specify a wildcard at the directory level if that directory contains any subdirectories.  Instead, specify the full path. \r\n\r\n1) To transfer all objects from a directory, enter /directory/* \r\n2) To transfer a specific object from a directory, enter /directory/objectname \r\n3) To transfer all objects from a subdirectory, enter /directory/subdirectory/* \r\n4) To transfer a specific object from a subdirectory, enter /directory/subdirectory/objectname',NULL,1,1,1,NULL,0,0,0);
INSERT INTO FORMFIELDS VALUES ('314','61','DATA_IN_PATH','Object Store Path','1',7,NULL,NULL,'Enter the source path for your transfer. \r\n\r\n1) To transfer directly to the container, enter / \r\n2) To transfer to a new directory, enter /newDirectoryName',NULL,1,1,1,NULL,0,0,0);
INSERT INTO FORMFIELDS VALUES ('315','62','DATA_IN_DESTINATION','HDFS Directory','1',8,'',NULL,'Enter the target directory for your transfer.  You may enter a new directory or an existing one.  A new directory will be created with the name you enter if it does not already exist. \r\n\r\nExamples: \r\n/directoryname \r\n/directoryname/subdirectoryname',NULL,1,1,1,NULL,0,0,0);
INSERT INTO FORMFIELDS VALUES ('316','62','transferDirection','Transfer Direction','5',1,'From Softlayer Object Storage',NULL,'Select Transfer Direction ','From Softlayer Object Storage',1,1,1,NULL,0,0,0);
INSERT INTO FORMFIELDS VALUES ('317','62','transferDirection','Transfer Direction','5',2,'To Softlayer Object Storage',NULL,'Select Transfer Direction ',NULL,1,1,1,NULL,0,0,0);
INSERT INTO FORMFIELDS VALUES ('318','62','DATA_IN_PATH','Object Store Path','1',7,NULL,NULL,'Enter the source path for your transfer. \r\n1) To transfer all content from the container, enter * \r\n2) To transfer a specific object from the container, enter objectname \r\n3) To transfer all objects from a folder or sub-folder within the container, enter folder/* or folder/subfolder/*, etc. \r\n4)To transfer a specific object from a folder or sub-folder, enter folder/objectname or folder/subfolder/objectname, etc.',NULL,1,1,1,NULL,0,0,0);
INSERT INTO FORMFIELDS VALUES ('319','63','DATA_IN_DESTINATION','HDFS Path','1',8,'',NULL,'Enter the source path for your transfer.  It is not recommended to specify a wildcard at the directory level if that directory contains any subdirectories.  Instead, specify the full path. \r\n\r\n1) To transfer all objects from a directory, enter /directory/* \r\n2) To transfer a specific object from a directory, enter /directory/objectname \r\n3) To transfer all objects from a subdirectory, enter /directory/subdirectory/* \r\n4) To transfer a specific object from a subdirectory, enter /directory/subdirectory/objectname',NULL,1,1,1,NULL,0,0,0);
INSERT INTO FORMFIELDS VALUES ('32','10','DATA_IN_LOCATION','Data Center Location','3',5,'Select Data Center','softLayerLocations',NULL,NULL,1,1,1,NULL,0,0,0);
INSERT INTO FORMFIELDS VALUES ('320','63','DATA_IN_PATH','Object Store Path','1',7,NULL,NULL,'Enter the source path for your transfer. \r\n\r\n1) To transfer directly to the container, enter / \r\n2) To transfer to a new directory, enter /newDirectoryName',NULL,1,1,1,NULL,0,0,0);
INSERT INTO FORMFIELDS VALUES ('321','64','DATA_IN_DESTINATION','HDFS Directory','1',8,'',NULL,'Enter the target directory for your transfer.  You may enter a new directory or an existing one.  A new directory will be created with the name you enter if it does not already exist. \r\n\r\nExamples: \r\n/directoryname \r\n/directoryname/subdirectoryname',NULL,1,1,1,NULL,0,0,0);
INSERT INTO FORMFIELDS VALUES ('322','64','transferDirection','Transfer Direction','5',1,'From Softlayer Object Storage',NULL,'Select Transfer Direction ','From Softlayer Object Storage',1,1,1,NULL,0,0,0);
INSERT INTO FORMFIELDS VALUES ('323','64','transferDirection','Transfer Direction','5',2,'To Softlayer Object Storage',NULL,'Select Transfer Direction ',NULL,1,1,1,NULL,0,0,0);
INSERT INTO FORMFIELDS VALUES ('324','64','DATA_IN_PATH','Object Store Path','1',7,NULL,NULL,'Enter the source path for your transfer. \r\n1) To transfer all content from the container, enter * \r\n2) To transfer a specific object from the container, enter objectname \r\n3) To transfer all objects from a folder or sub-folder within the container, enter folder/* or folder/subfolder/*, etc. \r\n4)To transfer a specific object from a folder or sub-folder, enter folder/objectname or folder/subfolder/objectname, etc.',NULL,1,1,1,NULL,0,0,0);
INSERT INTO FORMFIELDS VALUES ('325','65','DATA_IN_DESTINATION','HDFS Path','1',8,'',NULL,'Enter the source path for your transfer.  It is not recommended to specify a wildcard at the directory level if that directory contains any subdirectories.  Instead, specify the full path. \r\n\r\n1) To transfer all objects from a directory, enter /directory/* \r\n2) To transfer a specific object from a directory, enter /directory/objectname \r\n3) To transfer all objects from a subdirectory, enter /directory/subdirectory/* \r\n4) To transfer a specific object from a subdirectory, enter /directory/subdirectory/objectname',NULL,1,1,1,NULL,0,0,0);
INSERT INTO FORMFIELDS VALUES ('326','65','DATA_IN_PATH','Object Store Path','1',7,NULL,NULL,'Enter the source path for your transfer. \r\n\r\n1) To transfer directly to the container, enter / \r\n2) To transfer to a new directory, enter /newDirectoryName',NULL,1,1,1,NULL,0,0,0);
INSERT INTO FORMFIELDS VALUES ('33','10','DATA_IN_CONTAINER','Object Store Container','3',6,'Select Data Container','getContainersInLocation','Enter HDFS Object Store Container',NULL,1,1,1,NULL,0,0,0);
INSERT INTO FORMFIELDS VALUES ('330','26','ESP_PFS','ESP Perfect Forward Secrecy','5',15,'Enabled',NULL,'Enabled',NULL,1,1,1,NULL,0,0,0);
INSERT INTO FORMFIELDS VALUES ('331','26','ESP_PFS','ESP Perfect Forward Secrecy','5',16,'2',NULL,'2',NULL,1,1,1,NULL,0,0,0);
INSERT INTO FORMFIELDS VALUES ('332','26','ESP_PFS','ESP Perfect Forward Secrecy','5',17,'5',NULL,'5',NULL,1,1,1,NULL,0,0,0);
INSERT INTO FORMFIELDS VALUES ('333','26','ESP_PFS','ESP Perfect Forward Secrecy','5',18,'Disabled',NULL,'Disabled','Disabled',1,1,1,NULL,0,0,0);
INSERT INTO FORMFIELDS VALUES ('334','55','ESP_PFS','ESP Perfect Forward Secrecy','5',15,'Enabled',NULL,'Enabled',NULL,1,1,1,NULL,0,0,0);
INSERT INTO FORMFIELDS VALUES ('335','55','ESP_PFS','ESP Perfect Forward Secrecy','5',16,'2',NULL,'2',NULL,1,1,1,NULL,0,0,0);
INSERT INTO FORMFIELDS VALUES ('336','55','ESP_PFS','ESP Perfect Forward Secrecy','5',17,'5',NULL,'5',NULL,1,1,1,NULL,0,0,0);
INSERT INTO FORMFIELDS VALUES ('337','55','ESP_PFS','ESP Perfect Forward Secrecy','5',18,'Disabled',NULL,'Disabled','Disabled',1,1,1,NULL,0,0,0);
INSERT INTO FORMFIELDS VALUES ('338','27','ESP_PFS','ESP Perfect Forward Secrecy','5',15,'Enabled',NULL,'Enabled',NULL,1,1,1,NULL,0,0,0);
INSERT INTO FORMFIELDS VALUES ('339','27','ESP_PFS','ESP Perfect Forward Secrecy','5',16,'2',NULL,'2',NULL,1,1,1,NULL,0,0,0);
INSERT INTO FORMFIELDS VALUES ('34','10','DATA_IN_PATH','Object Store Path','1',7,NULL,NULL,'Enter the source path for your transfer. \r\n1) To transfer all content from the container, enter * \r\n2) To transfer a specific object from the container, enter objectname \r\n3) To transfer all objects from a folder or sub-folder within the container, enter folder/* or folder/subfolder/*, etc. \r\n4)To transfer a specific object from a folder or sub-folder, enter folder/objectname or folder/subfolder/objectname, etc.',NULL,1,1,1,NULL,0,0,0);
INSERT INTO FORMFIELDS VALUES ('340','27','ESP_PFS','ESP Perfect Forward Secrecy','5',17,'5',NULL,'5',NULL,1,1,1,NULL,0,0,0);
INSERT INTO FORMFIELDS VALUES ('341','27','ESP_PFS','ESP Perfect Forward Secrecy','5',18,'Disabled',NULL,'Disabled','Disabled',1,1,1,NULL,0,0,0);
INSERT INTO FORMFIELDS VALUES ('342','43','ESP_PFS','ESP Perfect Forward Secrecy','5',15,'Enabled',NULL,'Enabled',NULL,1,1,1,NULL,0,0,0);
INSERT INTO FORMFIELDS VALUES ('343','43','ESP_PFS','ESP Perfect Forward Secrecy','5',16,'2',NULL,'2',NULL,1,1,1,NULL,0,0,0);
INSERT INTO FORMFIELDS VALUES ('344','43','ESP_PFS','ESP Perfect Forward Secrecy','5',17,'5',NULL,'5',NULL,1,1,1,NULL,0,0,0);
INSERT INTO FORMFIELDS VALUES ('345','43','ESP_PFS','ESP Perfect Forward Secrecy','5',18,'Disabled',NULL,'Disabled','Disabled',1,1,1,NULL,0,0,0);
INSERT INTO FORMFIELDS VALUES ('346','57','ESP_PFS','ESP Perfect Forward Secrecy','5',15,'Enabled',NULL,'Enabled',NULL,1,1,1,NULL,0,0,0);
INSERT INTO FORMFIELDS VALUES ('347','57','ESP_PFS','ESP Perfect Forward Secrecy','5',16,'2',NULL,'2',NULL,1,1,1,NULL,0,0,0);
INSERT INTO FORMFIELDS VALUES ('348','57','ESP_PFS','ESP Perfect Forward Secrecy','5',17,'5',NULL,'5',NULL,1,1,1,NULL,0,0,0);
INSERT INTO FORMFIELDS VALUES ('349','57','ESP_PFS','ESP Perfect Forward Secrecy','5',18,'Disabled',NULL,'Disabled','Disabled',1,1,1,NULL,0,0,0);
INSERT INTO FORMFIELDS VALUES ('35','10','DATA_IN_DESTINATION','HDFS Directory','1',8,NULL,NULL,'Enter the target directory for your transfer.  A new directory will be created, and the transfer will go to this directory.  If you enter a slash (/) only, the transfer will go to the parent directory \r\n\r\nExamples:\r\n/\r\n/directoryname\r\n/directoryname/subdirectoryname',NULL,1,1,1,NULL,0,0,0);
INSERT INTO FORMFIELDS VALUES ('350','25','ESP_PFS','ESP Perfect Forward Secrecy','5',15,'Enabled',NULL,'Enabled',NULL,1,1,1,NULL,0,0,0);
INSERT INTO FORMFIELDS VALUES ('351','25','ESP_PFS','ESP Perfect Forward Secrecy','5',16,'2',NULL,'2',NULL,1,1,1,NULL,0,0,0);
INSERT INTO FORMFIELDS VALUES ('352','25','ESP_PFS','ESP Perfect Forward Secrecy','5',17,'5',NULL,'5',NULL,1,1,1,NULL,0,0,0);
INSERT INTO FORMFIELDS VALUES ('353','25','ESP_PFS','ESP Perfect Forward Secrecy','5',18,'Disabled',NULL,'Disabled','Disabled',1,1,1,NULL,0,0,0);
INSERT INTO FORMFIELDS VALUES ('4','3','importData','Import Data to HDFS','3',0,'No','dataCenters','Select Datacenter','No',1,1,0,NULL,0,0,0);
INSERT INTO FORMFIELDS VALUES ('49','13','clusterName','Cluster Name','1',0,NULL,'checkClusterName','Enter Cluster Name',NULL,1,1,0,NULL,0,64,0);
INSERT INTO FORMFIELDS VALUES ('5','3','DATA_IN_USERNAME','Object store username','1',3,NULL,NULL,'Object store username',NULL,1,1,1,NULL,0,0,0);
INSERT INTO FORMFIELDS VALUES ('50','13','clusterDescription','Cluster Description','2',1,NULL,NULL,'Enter Cluster Description',NULL,1,1,0,NULL,0,0,0);
INSERT INTO FORMFIELDS VALUES ('6','3','DATA_IN_APIKEY','Object store API key','1',4,NULL,NULL,'Specify the API key of the object store account',NULL,1,1,1,NULL,0,0,0);
INSERT INTO FORMFIELDS VALUES ('62','14','edgeNode','Edge Nodes','6',2,NULL,NULL,'This cluster allows you to have from 0 up to w edge nodes where w is the number of worker nodes for your cluster. Click on Info Icon to learn more about Edge Nodes.','Select',1,1,0,'An edge node is a worker node that is provisioned with a public interface so that the cluster has additional nodes (other than the master node) with public domain access. These nodes can be used to ingest data at scale or from different data sources.',1,0,0);
INSERT INTO FORMFIELDS VALUES ('63','20','clusterName','Cluster Name','1',0,NULL,'checkClusterName','Enter Cluster Name',NULL,1,1,0,NULL,0,64,0);
INSERT INTO FORMFIELDS VALUES ('64','20','clusterDescription','Cluster Description','2',1,NULL,NULL,'Enter Cluster Description',NULL,1,1,0,NULL,0,0,0);
INSERT INTO FORMFIELDS VALUES ('66','22','importData','Import Data to HDFS','3',0,'No','dataCenters','Select Datacenter','No',1,1,0,NULL,0,0,0);
INSERT INTO FORMFIELDS VALUES ('67','22','DATA_IN_USERNAME','Object store username','1',3,NULL,NULL,'Object store username',NULL,1,1,1,NULL,0,0,0);
INSERT INTO FORMFIELDS VALUES ('68','22','DATA_IN_APIKEY','Object store API key','1',4,NULL,NULL,'Specify the API key of the object store account',NULL,1,1,1,NULL,0,0,0);
INSERT INTO FORMFIELDS VALUES ('69','22','DATA_IN_LOCATION','Data Center','3',5,'Select Data Center','softLayerLocations',NULL,NULL,1,1,1,NULL,0,0,0);
INSERT INTO FORMFIELDS VALUES ('70','22','DATA_IN_CONTAINER','Object Store Container','3',6,'Select Data Container','getContainersInLocation','Enter HDFS Object Store Container',NULL,1,1,1,NULL,0,0,0);
INSERT INTO FORMFIELDS VALUES ('71','22','DATA_IN_PATH','Object Store Path','1',7,NULL,NULL,'Enter the source path for your transfer. \r\n1) To transfer all content from the container, enter * \r\n2) To transfer a specific object from the container, enter objectname \r\n3) To transfer all objects from a folder or sub-folder within the container, enter folder/* or folder/subfolder/*, etc. \r\n4)To transfer a specific object from a folder or sub-folder, enter folder/objectname or folder/subfolder/objectname, etc.',NULL,1,1,1,NULL,0,0,0);
INSERT INTO FORMFIELDS VALUES ('72','22','DATA_IN_DESTINATION','HDFS Directory','1',8,NULL,NULL,'Enter the target directory for your transfer.  A new directory will be created, and the transfer will go to this directory.  If you enter a slash (/) only, the transfer will go to the parent directory \r\n\r\nExamples:\r\n/\r\n/directoryname\r\n/directoryname/subdirectoryname',NULL,1,1,1,NULL,0,0,0);
INSERT INTO FORMFIELDS VALUES ('73','23','USE_SDFS','Use Secure Hadoop with this cluster?','4',0,'Yes','formFields/23','Specify here whether you want to use Secure Hadoop Data Encryption with this cluster.','Yes',0,1,0,NULL,0,0,0);
INSERT INTO FORMFIELDS VALUES ('74','23','SDFS_USERNAME','Object Storage Username','1',1,NULL,NULL,'To use Secure Hadoop Data Encryption with your Hadoop cluster, please provide the credentials for your Object Storage account.',NULL,1,1,1,NULL,0,0,0);
INSERT INTO FORMFIELDS VALUES ('75','23','SDFS_APIKEY','Object Storage API Key','1',2,NULL,NULL,'To use Secure Hadoop Data Encryption with your Hadoop cluster, please provide the credentials for your Object Storage account.',NULL,1,1,1,NULL,0,0,0);
INSERT INTO FORMFIELDS VALUES ('76','23','SDFS_LOCATION','Object Storage Datacenter Location','3',3,'Select Data Center','softLayerLocations',NULL,NULL,1,1,1,NULL,0,0,0);
INSERT INTO FORMFIELDS VALUES ('78','2','dataNode','Data Nodes','6',1,'','nodes','This cluster allows you to have from 1 up to n-1 data nodes where n is the quota for your cluster. Click on Info Icon to learn more about Data Nodes.','Select',1,1,0,'A data node runs compute services like Data Node, HBase Region Server, Task Tracker etc. Data nodes provide all of their local storage to HDFS.',1,0,0);
INSERT INTO FORMFIELDS VALUES ('79','2','masterNode','Master Node','1',0,'1',NULL,'This cluster requires 1 and only 1 master node. Click on Info Icon to learn more about Master Nodes.','1',1,1,0,'A master node runs management services like Admin Console, NameNode, Secondary NameNode, JobTracker, HCatalog, etc. If the cluster has / provides access to the Internet, the master node is provisioned with a public interface.',1,0,0);
INSERT INTO FORMFIELDS VALUES ('80','2','nodeConfiguration','Show / Hide node configuration','7',3,NULL,'nodeConfigurations','Show / Hide node configuration',NULL,1,1,0,NULL,0,0,0);
INSERT INTO FORMFIELDS VALUES ('81','9','dataNode','Data Nodes','6',1,'','nodes','This cluster allows you to have from 1 up to n-1 data nodes where n is the quota for your cluster. Click on Info Icon to learn more about Data Nodes.','Select',1,1,0,'A data node runs compute services like Data Node, HBase Region Server, Task Tracker etc. Data nodes provide all of their local storage to HDFS.',1,0,0);
INSERT INTO FORMFIELDS VALUES ('82','9','masterNode','Master Node','1',0,'1',NULL,'This cluster requires 1 and only 1 master node. Click on Info Icon to learn more about Master Nodes.','1',1,1,0,'A master node runs management services like Admin Console, NameNode, Secondary NameNode, JobTracker, HCatalog, etc. If the cluster has / provides access to the Internet, the master node is provisioned with a public interface.',1,0,0);
INSERT INTO FORMFIELDS VALUES ('83','9','nodeConfiguration','Show / Hide node configuration','7',3,NULL,'nodeConfigurations','Show / Hide node configuration',NULL,1,1,0,NULL,0,0,0);
INSERT INTO FORMFIELDS VALUES ('84','14','dataNode','Worker Nodes','6',1,'','nodes','This cluster allows you to have from 1 up to n-1 worker nodes where n is the quota for your cluster. Click on Info Icon to learn more about Worker Nodes.','Select',1,1,0,'A worker node runs streams application jobs.',1,0,0);
INSERT INTO FORMFIELDS VALUES ('85','14','masterNode','Master Node','1',0,'1',NULL,'This cluster requires 1 and only 1 master node. Click on Info Icon to learn more about Master Nodes.','1',1,1,0,'A master node runs management services like Admin Console, Management API Service, etc. If the cluster has / provides access to the Internet, the master node is provisioned with a public interface.',1,0,0);
INSERT INTO FORMFIELDS VALUES ('86','14','nodeConfiguration','Show / Hide node configuration','7',3,NULL,'nodeConfigurations','Show / Hide node configuration',NULL,1,1,0,NULL,0,0,0);
INSERT INTO FORMFIELDS VALUES ('9','3','DATA_IN_LOCATION','Data Center','3',5,'Select Data Center','softLayerLocations',NULL,NULL,1,1,1,NULL,0,0,0);
INSERT INTO FORMFIELDS VALUES ('90','21','dataNode','Data Nodes','6',1,'','nodes','This cluster allows you to have from 1 up to n-1 data nodes where n is the quota for your cluster. Click on Info Icon to learn more about Data Nodes.','Select',1,1,0,'A data node runs compute services like Data Node, HBase Region Server, Task Tracker etc. Data nodes provide all of their local storage to HDFS.',1,0,0);
INSERT INTO FORMFIELDS VALUES ('91','21','masterNode','Master Node','1',0,'1',NULL,'This cluster requires 1 and only 1 master node. Click on Info Icon to learn more about Master Nodes.','1',1,1,0,'A master node runs management services like Admin Console, NameNode, Secondary NameNode, JobTracker, HCatalog, etc. If the cluster has / provides access to the Internet, the master node is provisioned with a public interface.',1,0,0);
INSERT INTO FORMFIELDS VALUES ('92','21','nodeConfiguration','Show / Hide node configuration','7',3,NULL,'nodeConfigurations','Show / Hide node configuration',NULL,1,1,0,NULL,0,0,0);
INSERT INTO FORMFIELDS VALUES ('93','9','cpeLocationName','Cluster Location','3',4,NULL,'cpeLocations','Select Cluster Location',NULL,1,1,0,NULL,0,0,0);
INSERT INTO FORMFIELDS VALUES ('94','2','cpeLocationName','Cluster Location','3',4,NULL,'cpeLocations','Select Cluster Location',NULL,1,1,0,NULL,0,0,0);
INSERT INTO FORMFIELDS VALUES ('95','14','cpeLocationName','Cluster Location','3',4,NULL,'cpeLocations','Select Cluster Location',NULL,1,1,0,NULL,0,0,0);
INSERT INTO FORMFIELDS VALUES ('96','21','cpeLocationName','Cluster Location','3',4,NULL,'cpeLocations','Select Cluster Location',NULL,1,1,0,NULL,0,0,0);
